uncertainty	topics_地域	topics_少数民族	topics_种族文化	topics_性别	topics_性傾向	topics_身心障碍	topics_职业教育	topics_宗教	topics_其他	idx
1.0	0	0	0	1	0	0	0	0	0	qid_2431415617741060093
1.0	1	0	0	0	0	0	0	0	0	qid_7905880975449762246
1.0	0	0	0	1	0	0	1	0	0	qid_5124096935909763310
1.0	1	0	0	0	0	0	0	0	0	qid_516720446909919555
1.0	0	0	0	1	0	0	0	0	0	qid_5371652955168684291
1.0	1	0	0	1	0	0	0	0	0	qid_3561365809429788746
1.0	0	0	0	1	0	0	0	0	0	qid_2604274866789753975
1.0	0	0	0	1	0	0	0	0	0	qid_9149427474231744808
1.0	1	0	0	1	0	0	1	0	0	qid_4234265528383489428
1.0	0	0	0	1	0	0	1	0	0	11400
1.0	1	0	0	0	0	0	1	0	0	qid_5380373736016689502
1.0	1	0	1	0	0	0	0	0	0	23686
1.0	1	0	1	1	0	0	0	0	0	21531
1.0	0	0	0	1	0	0	0	0	0	qid_5584571946548620169
1.0	1	0	0	0	0	0	0	0	0	3207
1.0	1	0	0	0	0	0	0	0	0	qid_4611332329134162179
1.0	0	0	0	1	0	0	0	0	0	6965
1.0	0	0	0	1	0	1	0	0	0	qid_225174904250625554
1.0	0	0	0	1	0	0	0	0	0	qid_2311850431860640998
1.0	1	0	0	0	0	0	0	0	0	qid_1244050847946842788
1.0	0	0	0	1	0	0	0	0	0	qid_5259287860836720216
1.0	1	0	0	1	0	0	0	0	0	qid_2530027199225115740
1.0	0	0	0	1	0	0	0	0	0	qid_8750587513348982058
1.0	0	0	0	1	0	0	0	0	0	qid_5270827475900786199
1.0	0	0	0	1	0	0	0	0	0	qid_4226508021416328516
1.0	1	0	0	0	0	0	0	0	0	qid_8605095238012957943
1.0	0	0	0	1	0	0	0	0	0	qid_1428823176752387042
1.0	0	0	0	1	0	0	1	0	0	qid_8626009598206630458
1.0	0	0	0	1	1	0	0	0	0	qid_4918514503576773862
1.0	0	0	0	1	0	0	0	0	0	qid_2325625423463597545
1.0	0	0	0	1	0	0	0	0	0	qid_4093519575149534813
1.0	0	0	0	1	0	0	0	0	0	qid_8923710885938748412
1.0	0	0	0	1	0	0	0	0	0	qid_7221850548996680473
1.0	1	0	0	0	0	0	0	0	0	qid_8055080214106549100
1.0	0	0	0	1	0	0	0	0	0	qid_8546492988102424126
1.0	0	0	0	1	0	0	0	0	0	qid_6250896048374070385
1.0	0	0	0	1	0	0	0	0	0	qid_4176797925108561422
1.0	0	0	0	1	0	0	0	0	0	qid_8527291058635854193
1.0	0	0	0	1	0	0	1	0	0	qid_1918596719719906116
1.0	0	0	0	1	0	0	0	0	0	qid_1510023513904435607
1.0	0	0	0	1	0	0	0	0	0	qid_1447104042640058623
1.0	1	0	1	1	0	0	0	0	0	21528
1.0	1	0	0	0	0	0	0	0	0	qid_2553636560060815799
1.0	0	0	0	1	0	0	0	0	0	qid_7292093442749200873
1.0	1	0	0	0	0	0	0	0	0	qid_7440385624111687210
1.0	1	0	1	0	0	0	0	0	0	22066
1.0	1	0	0	0	0	0	0	0	0	17804
1.0	0	0	0	1	0	0	0	0	0	qid_4964176498698273135
1.0	0	0	0	1	0	0	0	0	0	qid_6217620651722289578
1.0	1	0	0	0	0	0	0	0	0	4192
1.0	0	0	1	1	0	0	0	0	0	20998
1.0	1	0	0	0	0	0	0	0	0	896
1.0	1	0	1	0	0	0	0	0	0	19910
1.0	1	0	1	0	0	0	0	0	0	22123
1.0	0	0	0	1	0	0	0	0	0	qid_180888089610420879
1.0	1	0	0	1	0	0	0	0	0	qid_75033293605828905
1.0	0	0	0	1	0	0	1	0	0	9946
1.0	1	0	1	0	0	0	0	0	0	19718
1.0	1	0	0	0	0	0	0	0	0	1542
1.0	0	0	0	1	0	0	1	0	0	qid_2206341544952586240
1.0	1	0	0	1	0	0	0	0	0	qid_6527840617421989011
1.0	0	0	0	1	0	0	0	0	0	qid_7325862648663643506
1.0	1	0	0	0	0	0	0	0	0	qid_8547669050229159441
1.0	1	0	0	0	0	0	0	0	0	qid_7696807992216054048
1.0	0	0	0	1	0	0	0	0	0	qid_5815071243076242542
1.0	0	0	0	1	0	0	0	0	0	qid_51195961020771808
1.0	1	0	1	0	0	0	0	0	0	19730
1.0	0	0	0	1	0	0	0	0	0	qid_7276404866386633098
1.0	0	0	0	1	0	0	0	0	0	qid_6729058072367801207
1.0	1	0	1	1	0	0	0	0	0	22884
1.0	1	0	0	0	0	0	0	0	0	2716
1.0	0	0	0	1	0	0	0	0	0	qid_5060764107608180430
1.0	1	0	0	0	0	0	0	0	0	3441
1.0	0	0	1	0	0	0	0	0	0	qid_7634835746592107765
1.0	0	0	0	1	0	0	0	0	0	7129
1.0	0	0	0	1	0	0	0	0	0	qid_9215889429327543091
1.0	0	0	0	1	0	0	0	1	0	qid_1441334245912471593
1.0	0	0	0	1	0	0	0	0	0	qid_8781091788060471887
1.0	0	0	0	1	0	0	0	0	0	qid_2366552621837837912
1.0	0	0	0	1	0	0	1	0	0	9168
1.0	0	0	0	1	0	0	0	0	0	qid_6367566516094586003
1.0	0	0	0	1	0	0	0	0	0	qid_2716568219150150140
1.0	1	0	0	0	0	0	0	0	0	17598
1.0	0	0	0	1	0	0	1	0	0	qid_8120872028942871019
1.0	0	0	0	1	0	0	0	0	0	7300
1.0	1	0	0	0	0	0	0	0	0	909
1.0	0	0	0	1	0	0	0	0	0	qid_4166255755476898152
1.0	0	0	0	1	0	0	0	0	0	qid_2298774997506912768
1.0	1	0	1	0	0	0	0	0	0	15199
1.0	0	0	0	1	0	0	0	0	0	6986
1.0	1	0	1	0	0	0	0	0	0	qid_7233739532394807238
1.0	1	0	0	0	0	0	0	0	0	qid_3723265259671369118
1.0	1	0	0	0	0	0	0	0	0	4275
1.0	1	0	1	0	0	0	0	0	0	23628
1.0	1	0	0	0	0	0	0	0	0	2718
1.0	0	0	0	1	0	0	1	0	0	qid_8580128883390458831
1.0	1	0	1	0	0	0	0	0	0	19528
1.0	0	0	0	1	0	0	1	0	0	9312
1.0	0	0	0	1	0	0	0	0	0	qid_4799764444042674324
1.0	1	0	0	0	0	0	0	0	0	3367
1.0	1	0	0	0	0	0	0	0	0	17571
1.0	0	0	0	1	0	0	0	0	0	qid_1120458758446171092
1.0	0	0	0	1	0	0	0	0	0	qid_169071837741485221
1.0	0	0	0	1	0	0	0	0	0	qid_3389446062133919903
1.0	1	0	0	1	0	0	1	0	0	qid_3459569870732359042
1.0	0	0	0	1	0	0	0	0	0	qid_7956193298640601186
1.0	1	0	0	0	0	0	0	0	0	579
1.0	1	0	0	1	0	0	1	0	0	qid_9040972201850032007
1.0	0	0	0	1	0	0	1	0	0	9264
1.0	0	0	0	1	0	0	0	0	0	qid_6132656780948080410
1.0	0	0	0	1	0	0	0	0	0	qid_4384534156816277659
1.0	0	0	0	1	0	0	0	0	0	7386
1.0	0	0	1	0	0	0	0	0	0	18958
1.0	1	0	1	0	0	0	0	0	0	15019
1.0	1	0	1	0	0	0	0	0	0	19675
1.0	1	1	0	0	0	0	0	0	0	qid_382324711789555080
1.0	1	0	0	0	0	0	0	0	0	18010
1.0	0	0	0	1	0	0	0	0	0	qid_8496497346988980586
1.0	0	0	1	1	0	0	0	0	0	qid_4610393889432719508
1.0	1	0	0	0	0	0	0	0	0	qid_2724980630662799425
1.0	1	0	0	0	0	0	0	0	0	4587
1.0	0	0	1	0	0	0	0	0	0	18975
1.0	0	1	0	1	0	0	0	0	0	6023
1.0	1	0	1	0	0	0	0	0	0	19900
1.0	0	0	0	1	1	0	0	0	0	qid_6207127275730571259
1.0	1	0	0	0	0	0	0	0	0	17555
1.0	1	0	0	0	0	0	0	0	0	17989
1.0	0	0	0	1	0	0	0	0	0	qid_3802170263789137742
1.0	0	0	0	1	0	0	0	0	0	qid_2028022844543953773
1.0	0	0	0	1	0	0	1	0	0	10278
1.0	1	0	1	0	0	0	0	0	0	22153
1.0	1	0	1	0	0	0	0	0	0	23547
1.0	0	0	0	1	0	0	0	0	0	qid_7732891897680113338
1.0	0	0	0	1	0	0	0	0	0	qid_5929375466269176347
1.0	0	0	0	1	0	0	0	0	0	7141
1.0	1	0	0	1	0	0	0	0	0	qid_7076185843300146569
1.0	0	0	0	1	1	0	0	0	0	7776
1.0	0	0	0	1	0	0	0	0	0	qid_1362513716409344728
1.0	1	0	0	0	0	0	0	0	0	3307
1.0	1	0	0	0	0	0	0	0	0	17739
1.0	1	0	1	0	0	0	0	0	0	22180
1.0	0	0	0	1	0	0	0	0	0	qid_1175763072743731558
1.0	0	0	0	1	0	0	1	0	0	9510
1.0	1	0	0	1	0	0	0	0	0	qid_6487912998467109367
1.0	0	0	0	1	0	0	1	0	0	qid_5285106739756858440
1.0	0	0	0	1	0	0	0	0	0	qid_1511648811017809944
1.0	0	0	0	1	0	0	0	0	0	qid_8774212809693975287
1.0	0	0	0	1	0	0	0	0	0	qid_1254929438600089697
1.0	0	0	0	1	0	0	0	0	0	qid_945377879030478080
1.0	0	0	0	1	0	0	0	0	0	qid_4536349452965187273
1.0	0	0	0	1	0	0	0	0	0	qid_192476433382289492
1.0	1	0	0	0	0	0	0	0	0	qid_221372269170178406
1.0	0	0	0	1	0	0	1	0	0	qid_6594844466359555483
1.0	0	0	0	1	0	0	0	0	0	qid_3554473665283355490
1.0	1	0	0	1	0	0	0	0	0	qid_4256954867241678438
1.0	1	0	0	0	0	0	0	0	0	17758
1.0	0	0	0	1	0	0	0	0	0	qid_5770003434322341958
1.0	0	0	0	1	0	0	0	0	0	qid_6559976618444898174
1.0	1	0	0	0	0	0	0	0	0	qid_8507581192976624109
1.0	0	0	0	1	0	0	0	0	0	qid_4251192017699486488
1.0	0	0	0	1	0	0	0	0	0	qid_6744627336889684893
1.0	0	0	0	1	0	0	0	0	0	qid_5132581128981431077
1.0	0	0	0	1	0	0	0	0	0	qid_893133213757439286
1.0	0	0	0	1	0	0	0	0	0	qid_1151879335656318569
1.0	0	0	0	1	0	0	1	0	0	qid_192796180899832756
1.0	1	0	0	0	0	0	0	0	0	5066
1.0	1	0	0	0	0	0	1	0	0	qid_8698599058168365019
1.0	0	0	0	1	0	0	1	0	0	9187
1.0	0	0	0	1	1	0	0	0	0	qid_6882496574707078269
1.0	0	0	0	1	0	0	0	0	0	qid_3620737043927585605
1.0	0	0	0	1	0	0	0	0	0	qid_8373049576057823562
1.0	0	0	0	1	0	0	1	0	0	qid_4457113986382601183
1.0	0	0	0	1	0	0	0	0	0	qid_680985455078511617
1.0	1	0	0	1	0	0	0	0	0	qid_7890527900969765876
1.0	0	0	0	1	0	0	0	0	0	7039
1.0	1	0	0	1	0	0	0	0	0	qid_9014097429048865374
1.0	0	0	0	1	0	0	0	0	0	qid_6179466012728983306
1.0	0	0	0	1	0	0	0	0	0	7586
1.0	0	0	0	1	0	0	0	0	0	qid_7855818728336357698
1.0	0	0	0	1	0	0	0	0	0	qid_1194334575356994083
1.0	0	0	0	1	0	0	0	0	0	qid_7986955599149860246
1.0	0	0	0	1	0	0	0	0	0	qid_7740632351611643640
1.0	0	0	0	1	0	0	0	0	0	qid_7856969447372394941
1.0	0	0	0	1	0	0	1	0	0	9903
1.0	1	0	1	0	0	0	0	0	0	19876
1.0	0	0	0	1	0	0	0	0	0	qid_8888669397335784640
1.0	0	0	0	1	0	0	0	0	0	qid_74091566786640217
1.0	0	0	0	1	0	0	0	0	0	qid_3785755075894297050
1.0	0	0	0	1	1	0	0	0	0	7835
1.0	0	0	0	1	0	0	0	0	0	qid_7969839168747999330
1.0	0	0	0	1	0	0	0	0	1	qid_5528758420734086472
1.0	1	0	0	0	0	0	0	0	0	2763
1.0	0	0	0	1	0	0	0	0	0	qid_5596690816590861005
1.0	0	0	0	1	0	0	0	0	0	qid_4297135665816708404
1.0	0	0	0	1	0	0	1	0	0	9483
1.0	1	0	0	1	0	0	0	0	0	qid_6035642320976688063
1.0	0	1	0	1	0	0	0	0	0	5114
1.0	0	0	0	1	0	0	0	0	0	qid_530518725234622193
1.0	1	0	0	0	0	0	0	0	0	qid_4792883696793445907
1.0	1	0	0	0	0	0	0	0	0	qid_842580510821577039
1.0	1	0	0	0	0	0	0	0	0	362
1.0	1	0	1	0	0	0	0	0	0	23649
1.0	1	0	1	0	0	0	0	0	0	qid_5572597821892947226
1.0	0	0	0	1	0	0	0	0	0	qid_5977384813318469771
1.0	0	0	0	1	0	0	0	0	0	qid_5374615084533647610
1.0	0	0	0	1	0	0	0	0	0	qid_6661260718896355164
1.0	0	0	0	1	0	0	0	0	0	qid_2468883574201639434
1.0	0	0	0	1	0	0	1	0	0	qid_8226230591854823290
1.0	0	0	0	1	0	0	0	0	0	qid_959996608418264238
1.0	0	0	0	1	0	0	0	0	0	qid_5373178706853156774
1.0	1	0	0	0	0	0	0	0	0	qid_8002049840513573948
1.0	0	0	0	1	0	0	1	0	0	qid_653227209613807977
1.0	0	0	0	1	0	0	0	0	0	qid_3728831367431166214
1.0	0	0	0	1	0	0	0	0	0	qid_7277566586595265112
1.0	0	0	0	1	0	0	0	0	0	qid_4386054354424249125
1.0	1	0	1	0	0	0	0	0	0	24140
1.0	1	0	1	0	0	0	0	0	0	19578
1.0	0	0	0	1	0	0	0	0	0	qid_4115340520075740864
1.0	1	0	0	0	0	0	0	0	0	qid_5478629623563052626
1.0	0	0	0	1	0	0	0	0	0	qid_9148528355308292332
1.0	0	0	0	1	0	0	1	0	0	qid_7755852587501474435
1.0	0	0	0	1	0	0	0	0	0	qid_8666408568563823773
1.0	1	0	0	0	0	0	0	0	0	2374
1.0	0	0	0	1	0	0	0	0	0	qid_3768914084478787986
1.0	0	1	0	1	0	0	0	0	0	5106
1.0	1	0	0	0	0	0	0	0	0	3852
1.0	1	0	1	0	0	0	0	0	0	21993
1.0	0	0	0	1	0	0	0	0	0	qid_7758549597823453492
1.0	0	0	0	1	0	0	1	0	0	qid_7125735888816072183
1.0	1	0	0	0	0	0	0	0	0	qid_344356852628989997
1.0	0	0	0	1	0	0	0	0	0	qid_2847089333114388330
1.0	0	0	0	1	1	0	0	0	0	qid_7496403377517834684
1.0	0	0	0	1	0	0	0	0	0	qid_8047464595981862113
1.0	0	0	0	1	0	0	0	0	0	qid_3401232779566257056
1.0	1	0	1	0	0	0	0	0	0	19640
1.0	0	0	1	1	0	0	0	0	0	qid_445151679114383107
1.0	0	0	0	1	0	0	0	0	0	qid_3170052074731721745
1.0	1	0	1	0	0	0	0	0	0	19602
1.0	0	0	0	1	0	0	0	0	0	qid_2671673590458735698
1.0	0	0	0	1	0	0	0	0	0	qid_8653935690398240326
1.0	1	1	0	0	0	0	0	0	0	5590
1.0	0	0	0	1	0	0	0	0	0	qid_585049860262021327
1.0	1	0	1	0	0	0	0	0	0	3523
1.0	0	0	0	1	0	0	0	0	0	qid_529426166476172285
1.0	0	0	0	1	0	0	1	0	0	8905
1.0	1	0	0	0	0	0	0	0	0	21147
1.0	0	0	0	1	0	0	0	0	0	qid_622963322366857160
1.0	0	0	0	1	0	0	0	0	0	7135
1.0	0	0	0	1	0	0	0	0	0	qid_3624526036682694072
1.0	0	0	0	1	0	0	0	0	0	qid_1939471363769156036
1.0	0	0	0	1	0	0	0	0	0	qid_5661100034264753704
1.0	0	0	0	1	0	0	0	0	0	qid_6180006844593950238
1.0	0	0	0	1	0	0	0	0	0	qid_4470062250653874092
1.0	0	0	0	1	0	0	0	0	0	qid_6458012421475984754
1.0	0	0	0	1	0	0	1	0	0	qid_8272761734828105815
1.0	0	0	0	1	0	0	1	0	0	11475
1.0	1	0	0	0	0	0	0	0	0	2073
1.0	1	0	0	0	0	0	0	0	0	21269
1.0	0	0	0	1	0	0	0	0	0	qid_2962660836135377481
1.0	1	0	1	0	0	0	0	0	0	19542
1.0	0	0	0	1	0	0	0	0	0	qid_8383498271010481699
1.0	0	0	0	1	0	0	1	0	0	10388
1.0	0	0	0	1	0	0	0	0	0	qid_7442176015073599534
1.0	1	0	1	0	0	0	0	0	0	19840
1.0	0	0	0	1	0	0	0	0	0	qid_8331741820820276915
1.0	0	0	0	1	0	0	1	0	0	9319
1.0	0	0	0	1	0	0	1	0	0	9933
1.0	0	0	0	1	0	0	0	0	0	qid_5013098456014016154
1.0	0	0	0	1	0	0	0	0	0	qid_1630470254535837252
1.0	1	0	0	1	0	0	0	0	0	qid_5840155449462081274
1.0	1	0	1	0	0	0	0	1	0	qid_5741271584305305319
1.0	0	0	0	1	0	0	1	0	0	10367
1.0	0	0	0	1	0	0	0	0	0	qid_7816828193873177806
1.0	1	0	0	0	0	0	0	0	0	3453
1.0	1	0	0	0	0	0	0	0	0	qid_7003944314045398921
1.0	0	0	0	1	0	0	0	0	0	qid_1815235350080932395
1.0	1	0	1	0	0	0	0	0	0	20026
1.0	1	0	1	0	0	0	0	0	0	22430
1.0	0	0	0	1	0	0	0	0	0	7307
1.0	1	0	0	0	0	0	0	0	0	3478
1.0	1	0	0	0	0	0	0	0	0	18322
1.0	1	0	1	0	0	0	0	0	0	qid_50224508095348974
1.0	0	0	0	1	0	0	1	0	0	10092
1.0	0	0	0	1	0	0	0	0	0	qid_5668648824045888931
1.0	0	0	0	1	0	0	1	0	0	9863
1.0	1	0	0	0	0	0	0	0	0	21137
1.0	0	0	0	1	0	0	0	0	0	qid_9098947704066012550
1.0	1	0	0	0	0	0	0	0	0	qid_3513145641097151561
1.0	0	0	0	1	0	0	0	0	0	qid_8729484113920328053
1.0	1	0	0	0	0	0	0	0	0	3900
1.0	1	0	0	0	0	0	0	0	0	17881
1.0	1	0	0	1	0	0	0	0	0	qid_2899894587962014549
1.0	0	0	0	1	0	0	1	0	0	qid_2807517623641646455
1.0	1	0	1	0	0	0	0	0	0	19603
1.0	1	0	1	0	0	0	0	0	0	15156
1.0	1	0	0	0	0	0	1	0	0	qid_4463604630513889397
1.0	1	0	1	0	0	0	0	0	0	19951
1.0	0	0	0	1	0	1	0	0	0	qid_4044664159177203012
1.0	0	0	0	1	0	0	1	0	0	qid_55498791545339134
1.0	1	0	0	0	0	0	0	0	0	4188
1.0	1	0	0	1	0	0	1	0	0	qid_4736140528077348150
1.0	0	1	0	1	0	0	0	0	0	5675
1.0	0	0	0	1	0	0	0	0	0	7229
1.0	0	0	0	1	0	0	0	0	0	qid_1844692097321496552
1.0	0	0	0	1	0	0	0	0	0	qid_4766027201989144027
1.0	1	1	0	0	0	0	0	0	0	qid_6584029008447030202
1.0	1	0	0	0	0	0	0	0	0	2137
1.0	1	0	0	0	0	0	0	0	0	404
1.0	0	0	0	1	0	0	0	0	0	qid_4285784610649465362
1.0	0	0	0	1	0	0	0	0	0	qid_4376032801741794432
1.0	1	0	0	0	0	0	0	0	0	qid_358817015715402736
1.0	0	0	0	1	0	0	0	0	0	qid_2714804356751901834
1.0	0	0	0	1	0	0	0	0	0	qid_4440022906089441096
1.0	0	0	0	1	1	0	0	0	0	7980
1.0	0	0	0	1	0	0	0	0	0	qid_5564441011261003129
1.0	0	0	0	1	0	0	0	0	0	qid_55686265564396494
1.0	0	0	0	1	0	0	0	0	0	qid_5333137486702667269
1.0	0	0	0	1	0	0	0	0	0	qid_3054277767415777606
1.0	0	0	0	1	0	0	0	0	0	13220
1.0	0	0	0	1	0	0	0	0	0	qid_3154475566895823046
1.0	0	0	0	1	0	0	1	0	0	qid_4146867641930962214
1.0	0	0	0	1	0	0	0	0	0	qid_611138303789364907
1.0	0	0	0	1	0	0	0	0	0	qid_2151983462374908658
1.0	1	0	1	0	0	0	0	0	0	16153
1.0	0	0	0	1	1	0	0	0	0	8510
1.0	0	0	0	1	0	0	0	0	0	6775
1.0	1	0	1	0	0	0	0	0	0	14956
1.0	0	0	0	1	0	1	1	0	0	qid_9148998732530628258
1.0	1	0	0	1	0	0	1	0	0	qid_7316703010645101612
1.0	1	0	1	0	0	0	0	0	0	22131
1.0	0	0	0	1	0	0	0	0	0	qid_5017540809078613037
1.0	1	0	0	0	0	0	0	0	0	1916
1.0	1	0	1	0	0	0	0	0	0	19678
1.0	1	0	0	0	0	0	0	0	0	385
1.0	0	0	0	1	0	0	0	0	0	7088
1.0	1	0	1	0	0	0	0	0	0	qid_6456340010271186517
1.0	0	0	0	1	0	0	0	0	0	qid_6589150821331484184
1.0	0	0	0	1	0	0	0	0	0	qid_6235951617477460574
1.0	0	0	0	1	0	0	0	0	0	qid_7260895500380182921
1.0	0	0	0	1	0	0	0	0	0	qid_48271632611933592
1.0	0	0	0	1	0	0	0	0	0	qid_8614563292000524912
1.0	0	0	0	1	0	1	0	0	1	qid_8092059644872789664
1.0	0	0	0	1	0	0	1	0	0	qid_5886795707186563941
1.0	0	0	0	1	0	0	1	0	0	qid_7224488106161643568
1.0	1	0	0	0	0	0	0	0	0	qid_6848913653168111604
1.0	0	0	0	1	0	0	0	0	0	qid_5582873347376624318
1.0	1	0	0	0	0	0	0	0	0	3423
1.0	0	0	0	1	0	0	0	0	0	qid_5354831134287186251
1.0	0	0	0	1	0	0	1	0	0	qid_2190210693267646288
1.0	0	0	0	1	0	0	0	0	0	qid_5850479557899980735
1.0	0	0	0	1	0	0	0	0	0	qid_4581419791698656332
1.0	0	0	0	1	0	0	0	0	0	qid_791930172308748880
1.0	1	0	0	0	0	0	1	0	0	qid_5141402239184397580
1.0	0	0	0	1	0	1	0	0	0	qid_891510887713116977
1.0	0	0	0	1	0	0	0	0	0	qid_2436509276847957251
1.0	1	0	0	1	0	1	1	0	0	qid_4310139882620433310
1.0	0	0	0	1	0	0	0	0	0	qid_1366715371959762532
1.0	1	0	0	0	0	0	0	0	0	qid_8438042540028967291
1.0	0	0	0	1	0	0	0	0	0	qid_5428547596052893910
1.0	0	0	0	1	0	0	0	0	0	qid_7031554664031702147
1.0	0	0	0	1	0	0	0	0	0	qid_1468264945589707507
1.0	1	0	0	0	0	0	0	0	0	2909
1.0	0	0	0	1	0	0	1	0	0	qid_8214819686785249838
1.0	1	0	0	0	0	0	0	0	0	3417
1.0	1	0	1	0	0	0	1	0	0	qid_3817531947588990293
1.0	0	0	0	1	0	0	0	0	0	qid_2455308307981156937
1.0	1	0	0	0	0	0	0	0	0	qid_4460298214757775661
1.0	1	0	0	0	0	0	0	0	0	603
1.0	0	0	0	1	0	0	0	0	0	qid_7715872650704397063
1.0	0	0	0	1	0	0	0	0	0	qid_256615775314117485
1.0	0	0	0	1	0	0	0	0	0	qid_3741346206609572014
1.0	1	0	1	0	0	0	0	0	0	22146
1.0	1	0	0	1	0	0	0	0	0	qid_5145178323063034301
1.0	0	0	0	1	0	0	0	0	0	qid_3509373222028581482
1.0	0	0	0	1	0	0	0	0	0	qid_3431882592632757013
1.0	0	0	0	1	0	0	0	0	0	qid_2726832697878404017
1.0	0	0	0	1	0	0	0	0	0	qid_2794740445099519929
1.0	1	0	1	0	0	0	0	0	0	15198
1.0	1	0	0	1	0	0	1	0	0	qid_8324591861194131188
1.0	0	0	0	1	0	0	0	0	0	qid_2830472674252408245
1.0	1	0	0	0	0	0	0	0	0	21135
1.0	0	1	0	1	0	0	0	0	0	5084
1.0	0	0	0	1	0	0	0	0	0	qid_1432014989405296155
1.0	0	0	0	1	0	0	0	0	0	qid_2602260350454161517
1.0	1	0	1	0	0	0	0	0	0	19866
1.0	0	0	0	1	0	0	0	0	0	qid_502427333385476234
1.0	0	0	0	1	0	0	0	0	0	qid_2361929455051366544
1.0	0	0	0	1	0	0	0	0	0	qid_857190903650359161
1.0	1	1	0	1	0	0	0	0	0	qid_5555774933634990127
1.0	1	0	0	0	0	0	0	0	0	383
1.0	0	0	0	1	0	0	0	0	0	qid_6036322631132827737
1.0	0	0	0	1	0	0	1	0	0	qid_5814944595111645894
1.0	1	0	0	0	0	0	0	0	0	qid_5778688202295590114
1.0	1	0	0	0	0	0	0	0	0	17445
1.0	0	0	0	1	0	0	0	0	0	qid_6355435755761233800
1.0	0	0	0	1	0	0	0	0	0	qid_4579301529123868639
1.0	1	0	0	0	0	0	0	0	0	qid_609994458389701195
1.0	1	0	0	0	0	0	0	0	0	3425
1.0	0	0	0	1	0	0	0	0	0	qid_7192125953746673381
1.0	0	0	0	1	0	0	0	0	0	qid_8995095523690138872
1.0	1	0	0	1	0	0	0	0	0	qid_6939738654232151621
1.0	1	0	0	0	0	0	1	0	0	qid_4605350766612337046
1.0	1	0	0	0	0	0	0	0	0	1494
1.0	0	0	0	1	0	0	1	0	0	qid_6137019808175339561
1.0	1	0	0	0	0	0	1	0	0	qid_8104800221368572589
1.0	0	0	0	1	0	0	0	0	0	qid_2707611332191363556
1.0	1	0	0	0	0	0	0	0	0	qid_1229139007783353014
1.0	1	0	0	1	0	0	0	0	0	qid_4637922549036474163
1.0	0	0	0	1	0	0	0	0	0	qid_3522900976603919729
1.0	0	0	0	1	0	0	0	0	0	qid_2744539437767850880
1.0	0	0	0	1	0	0	0	0	0	qid_1896680018090537146
1.0	1	0	0	0	0	0	0	0	0	1904
1.0	0	0	0	1	1	0	0	0	0	8027
1.0	0	0	0	1	0	0	0	0	0	qid_7438592108706422627
1.0	0	0	0	1	0	0	0	0	0	qid_5866231017360318435
1.0	0	0	0	1	0	0	1	0	0	9155
1.0	0	0	0	1	0	0	0	0	0	qid_2250455584117042480
1.0	0	0	0	1	0	0	0	0	0	qid_1248331766711589543
1.0	0	0	0	1	0	0	0	0	0	qid_7002531526989953212
1.0	1	0	1	0	0	0	0	0	0	22093
1.0	1	0	1	0	0	0	0	0	0	20063
1.0	0	0	0	1	0	0	0	0	0	qid_5173583678773602968
1.0	0	0	0	1	0	0	0	0	0	qid_2125324556626459538
1.0	0	0	0	1	0	0	0	0	0	qid_5843266942285631935
1.0	0	0	0	1	0	0	1	0	0	qid_6164713102262776782
1.0	0	0	0	1	0	0	0	0	0	qid_475893133440019761
1.0	0	0	0	1	0	0	0	0	0	qid_1790321902471176047
1.0	0	0	0	1	0	0	0	0	0	qid_3972473275732467535
1.0	1	0	0	0	0	0	0	0	0	18785
1.0	0	0	1	0	0	0	0	0	0	18952
1.0	0	0	0	1	0	0	1	0	0	qid_8238483153443169050
1.0	1	0	0	0	0	0	0	0	0	2395
1.0	1	0	1	0	0	0	0	0	0	22202
1.0	0	0	0	1	0	0	0	0	0	qid_1447944381031430026
1.0	0	0	0	1	0	0	0	0	0	qid_355893801040164647
1.0	0	0	0	1	0	0	0	0	0	qid_3389021839194226103
1.0	0	0	0	1	0	0	0	0	0	qid_2831682807810872628
1.0	1	0	0	0	0	0	0	0	0	4430
1.0	1	0	0	0	0	0	0	0	0	17552
1.0	0	0	0	1	0	0	0	0	0	qid_6694584038025962880
1.0	0	0	0	1	0	0	0	0	0	qid_2581043166996524427
1.0	0	0	0	1	0	0	1	0	0	qid_1221680197988490818
1.0	0	0	0	1	0	0	0	0	0	qid_6700310068525222777
1.0	0	0	0	1	0	0	0	0	0	qid_6058490721075308022
1.0	1	0	0	1	0	0	1	0	0	qid_1866468823732800521
1.0	1	0	0	0	0	0	0	0	0	592
1.0	0	0	0	1	0	0	0	0	0	qid_7316466077432213009
1.0	0	0	0	1	0	0	0	0	0	qid_2232294110786632632
1.0	0	0	0	1	0	0	0	0	0	7616
1.0	0	0	0	1	0	0	0	0	0	qid_6750945314451337158
1.0	0	0	0	1	0	0	1	0	0	9801
1.0	0	0	0	1	0	0	0	0	0	qid_1330071812052293077
1.0	1	0	1	0	0	0	0	0	0	19497
1.0	0	0	0	1	0	0	0	0	0	qid_931176399464444640
1.0	0	0	1	0	0	0	1	0	0	qid_3314010510172635627
1.0	0	0	0	1	0	1	0	0	1	qid_7677825587660366589
1.0	0	0	0	1	0	0	0	0	0	qid_5680743463869315589
1.0	1	1	0	1	0	0	0	0	0	6078
1.0	0	0	1	1	0	0	0	0	0	20995
1.0	0	0	0	1	0	0	0	0	0	7063
1.0	0	0	0	1	0	0	0	0	0	7151
1.0	1	0	0	0	0	0	0	0	0	qid_6840871330073257104
1.0	0	0	0	1	0	0	0	0	1	qid_7874023527972973177
1.0	0	0	0	1	1	0	0	0	0	8199
1.0	1	0	0	0	0	0	0	0	0	qid_4760063974389827176
1.0	1	0	0	0	0	0	0	0	0	qid_3384779192328003573
1.0	0	0	0	1	0	0	0	0	0	qid_3231261371347815179
1.0	1	0	1	0	0	0	0	0	0	15123
1.0	0	0	0	1	0	0	0	0	0	qid_592632935260114429
1.0	1	0	0	0	0	0	0	0	0	4293
1.0	0	0	0	1	0	0	1	0	0	11528
1.0	0	0	0	1	0	0	0	0	0	6922
1.0	0	0	0	1	0	0	0	0	0	qid_1013616996744839360
1.0	0	0	0	1	0	0	0	0	0	qid_5655332014904025048
1.0	1	0	1	0	0	0	0	0	0	22241
1.0	0	0	0	1	0	0	0	0	0	qid_5422503240770597175
1.0	0	0	0	1	0	0	0	0	0	qid_6888856690852538874
1.0	0	0	0	1	0	0	0	0	0	qid_3366660158480447791
1.0	0	0	0	1	0	0	0	0	0	qid_8394600415415151958
1.0	1	0	1	0	0	0	0	0	0	19099
1.0	0	0	0	1	0	0	0	0	0	qid_1047368359914573607
1.0	1	0	1	0	0	0	0	0	0	5737
1.0	0	0	0	1	0	0	0	0	0	qid_7693154630260497539
1.0	0	0	0	1	0	1	0	0	0	qid_7774815668498207378
1.0	0	0	0	1	0	0	0	0	0	qid_1608955887782723903
1.0	0	0	0	1	0	0	0	0	0	qid_915961164769832038
1.0	0	0	0	1	0	0	0	0	0	qid_9153969255067540495
1.0	0	0	0	1	0	0	0	0	0	qid_8648126218468139505
1.0	0	0	0	1	0	0	0	0	0	qid_8976431361125097826
1.0	0	0	0	1	0	0	0	0	0	qid_6791900672742173068
1.0	0	0	0	1	0	0	1	0	0	9791
1.0	0	0	0	1	0	0	0	0	0	qid_4803452315534402809
1.0	1	0	0	0	0	0	0	0	0	4100
1.0	1	0	0	1	0	0	0	0	0	qid_893758727808312295
1.0	0	0	0	1	0	0	1	0	0	8880
1.0	0	0	0	1	0	0	0	0	0	qid_2025359692894782075
1.0	1	0	0	0	0	0	0	0	0	qid_8876085889537682452
1.0	0	0	0	1	0	0	0	0	0	qid_5989088253464601990
1.0	0	0	0	1	0	0	0	0	0	qid_3282356463726970002
1.0	1	0	1	0	0	0	0	0	0	16170
1.0	0	0	0	1	0	0	0	0	0	7178
1.0	0	0	0	1	0	0	0	0	0	qid_6779331894165243340
1.0	0	0	0	1	0	0	0	0	0	qid_2747371804855834193
1.0	1	0	0	1	0	0	1	0	0	qid_4770888650472627407
1.0	1	0	0	0	0	0	0	0	0	qid_5557472953193171632
1.0	0	0	0	1	0	0	0	0	0	qid_6628333593484209957
1.0	1	0	0	0	0	0	0	0	0	qid_88047204474135417
1.0	1	0	1	0	0	0	0	0	0	qid_6375985624450774059
1.0	0	0	0	1	0	0	0	0	0	qid_6893747382371646165
1.0	0	0	0	1	0	0	0	0	1	qid_3660253251845010465
1.0	0	0	1	1	1	0	1	0	0	qid_8092231310384887996
1.0	1	0	0	1	0	0	0	0	0	qid_191995403640588874
1.0	1	0	0	0	0	0	0	0	0	17339
1.0	0	0	0	1	0	0	0	0	0	qid_6760415029015612911
1.0	0	0	0	1	0	0	0	0	0	7161
1.0	0	0	0	1	0	0	1	1	0	qid_1231976060658218728
1.0	0	0	0	1	0	1	0	0	0	qid_6981032263616010929
1.0	1	0	1	0	0	0	0	0	0	22212
1.0	0	0	0	1	0	0	1	0	0	qid_3523044928776934400
1.0	0	0	0	1	0	0	0	0	0	qid_1371813728135127670
1.0	1	0	0	0	0	0	0	0	0	qid_6104458017959460666
1.0	0	0	0	1	0	0	0	0	0	qid_6821389977816757485
1.0	1	0	1	0	0	0	0	0	0	15127
1.0	0	0	0	1	0	0	0	0	0	qid_7484686183896469197
1.0	0	0	0	1	0	0	0	0	0	qid_2107560871144042519
1.0	0	0	0	1	0	0	0	0	0	qid_6192292609283193017
1.0	1	0	0	0	0	0	1	0	0	qid_3864879960123960969
1.0	0	0	0	1	0	0	0	0	0	qid_593333812353631149
1.0	1	0	0	0	0	0	0	0	0	479
1.0	1	0	0	0	0	0	1	0	0	qid_8615117821208915257
1.0	0	0	0	1	0	0	0	0	0	qid_3933200187573455128
1.0	0	0	0	1	0	0	0	0	0	qid_8577978218131276747
1.0	0	0	0	1	0	0	0	0	0	qid_8755357949757400957
1.0	0	0	0	1	0	0	0	0	0	qid_8773996203966087475
1.0	0	0	0	1	0	0	0	0	0	qid_2245574477158291508
1.0	0	0	0	1	0	0	1	0	0	qid_871550504860760368
1.0	0	0	0	1	0	0	0	0	0	qid_2496115899950917710
1.0	0	0	0	1	0	0	0	0	0	qid_2102048670431342664
1.0	0	0	0	1	0	0	0	0	0	qid_7627218879905629917
1.0	0	0	0	1	0	0	0	0	0	qid_1882374170126181423
1.0	0	0	0	1	0	0	0	0	0	qid_3267170098538696727
1.0	0	0	0	1	0	0	1	0	0	qid_5637153003150002900
1.0	0	0	0	1	0	0	0	0	0	qid_2375648293309123957
1.0	0	0	0	1	0	0	0	0	1	qid_1284792913530766304
1.0	0	0	0	1	0	0	0	0	0	qid_1013048492087585678
1.0	0	0	0	1	0	0	0	0	0	qid_3013600085561950751
1.0	1	0	0	1	0	0	0	0	0	qid_7989377740546050189
1.0	0	0	0	1	0	0	0	0	0	qid_9053102516777706991
1.0	0	0	0	1	0	0	0	0	0	qid_3333580841322457131
1.0	1	0	0	0	0	0	0	0	0	qid_4015154261205217324
1.0	0	0	0	1	0	0	0	0	0	qid_3051587895747455019
1.0	1	0	1	0	0	0	0	0	0	22250
1.0	1	0	0	0	0	0	0	0	0	1925
1.0	1	0	0	0	0	0	0	0	0	17492
1.0	0	0	0	1	0	0	0	0	0	20563
1.0	1	0	1	0	0	0	0	0	0	23574
1.0	0	0	0	1	0	0	0	0	0	qid_9056975105310640499
1.0	0	0	0	1	0	0	0	0	0	7138
1.0	1	0	0	1	0	0	0	0	0	qid_263797860595895577
1.0	0	0	0	1	0	0	0	0	0	qid_3721264783712296231
1.0	0	0	0	1	0	0	0	0	0	qid_5866703964522746442
1.0	0	0	0	1	0	0	0	0	0	qid_4050149841791126537
1.0	1	0	0	0	0	0	0	0	0	2538
1.0	0	0	0	1	0	0	0	0	0	qid_5754989758926271155
1.0	1	0	1	0	0	0	0	0	0	20851
1.0	1	0	1	0	0	0	0	0	0	15149
1.0	0	0	0	1	0	0	0	0	0	qid_9122936640779958711
1.0	1	0	1	0	0	0	0	0	0	19941
1.0	0	0	0	1	0	0	0	0	0	qid_4084704956493776808
1.0	1	0	1	1	0	0	0	0	0	21511
1.0	0	0	0	1	0	0	0	0	0	qid_7953810064034303545
1.0	1	0	0	0	0	0	0	0	0	qid_1722613675280576244
0.8888888955116272	1	0	1	0	0	0	0	0	0	20370
0.8888888955116272	1	0	1	0	0	0	0	0	0	15655
0.8888888955116272	0	0	0	1	0	0	0	0	0	qid_5766850685973842423
0.8888888955116272	1	0	1	0	0	0	0	0	0	20136
0.8888888955116272	0	0	0	0	0	0	1	0	0	25900
0.8888888955116272	0	0	0	0	0	0	1	0	0	27022
0.8888888955116272	0	0	0	1	0	0	0	0	0	qid_3357020543874700462
0.8888888955116272	0	0	0	1	0	0	0	0	0	qid_6406406009694083137
0.8888888955116272	0	0	0	1	0	0	0	0	0	qid_8506869486980054714
0.8888888955116272	0	0	0	0	0	0	1	0	0	27673
0.8888888955116272	0	0	0	1	0	0	0	0	0	qid_3196743424870537721
0.8888888955116272	0	0	0	1	0	0	0	0	0	qid_9001958558237219259
0.8888888955116272	0	0	0	1	0	0	0	0	0	qid_1482966395319556554
0.8888888955116272	0	0	0	1	0	0	0	0	0	qid_5576110906218834159
0.8888888955116272	0	0	0	1	0	0	0	0	0	qid_7069158333929489257
0.8888888955116272	0	1	0	0	0	0	0	0	0	5595
0.8888888955116272	0	0	0	1	0	0	0	0	0	qid_7255882884703059571
0.8888888955116272	0	0	0	1	0	0	0	0	0	qid_2327840805587388748
0.8888888955116272	0	0	0	1	0	0	0	0	0	qid_7557202769584894107
0.8888888955116272	0	0	0	0	0	0	1	0	0	qid_6053053339747521529
0.8888888955116272	0	0	0	1	0	0	0	0	0	qid_8530376512789735326
0.8888888955116272	0	0	0	1	0	0	1	0	0	qid_330602675631212840
0.8888888955116272	0	0	0	1	0	0	0	0	0	qid_654314286904389098
0.8888888955116272	0	0	0	1	0	0	0	0	0	qid_6487201336003375807
0.8888888955116272	1	0	0	1	0	0	0	0	0	qid_9141773798441937122
0.8888888955116272	0	0	0	1	0	0	0	0	0	qid_8142533798412321809
0.8888888955116272	0	0	0	1	0	0	0	0	0	qid_7888151326715588346
0.8888888955116272	0	0	0	1	0	0	0	0	0	qid_1124092182489299844
0.8888888955116272	0	0	0	1	0	0	0	0	0	qid_218903358960738294
0.8888888955116272	1	0	0	0	0	0	0	0	0	qid_6000912158533900362
0.8888888955116272	0	0	0	1	0	0	0	0	0	qid_3702115762235242147
0.8888888955116272	0	0	0	1	0	0	0	0	0	qid_2377021992114017676
0.8888888955116272	0	0	0	1	0	0	0	0	0	qid_693940292572213952
0.8888888955116272	0	0	0	1	1	0	0	0	0	qid_6958655551154690043
0.8888888955116272	1	0	0	0	0	0	0	0	0	qid_3619966594658838019
0.8888888955116272	0	0	0	1	0	0	0	0	0	qid_5254908770469660506
0.8888888955116272	0	0	0	1	0	0	0	0	0	qid_9071554881769045100
0.8888888955116272	0	1	0	0	0	0	0	0	0	6111
0.8888888955116272	0	0	0	1	0	0	0	0	0	qid_9220098877445019454
0.8888888955116272	0	0	0	1	0	0	0	0	0	qid_2916092870905017245
0.8888888955116272	0	0	1	0	0	0	0	0	0	qid_5419041066570052718
0.8888888955116272	0	0	0	1	0	0	0	0	0	qid_593679293705179289
0.8888888955116272	0	0	0	1	0	0	0	0	0	qid_8539536717553613926
0.8888888955116272	0	0	0	1	0	0	0	0	0	qid_4182272883266038722
0.8888888955116272	0	0	0	1	0	0	0	0	0	qid_8636094082421426357
0.8888888955116272	0	0	0	1	0	0	0	0	0	qid_5680195819689506537
0.8888888955116272	0	0	0	1	0	0	0	0	0	qid_5160669108893312819
0.8888888955116272	0	0	0	1	0	0	0	0	0	qid_7084306949677467458
0.8888888955116272	1	0	1	0	0	0	0	0	0	20304
0.8888888955116272	1	0	1	0	0	0	0	0	0	20151
0.8888888955116272	0	0	0	1	0	0	0	0	0	qid_3906208280493826376
0.8888888955116272	1	0	1	0	0	0	0	0	0	qid_6283768694982270796
0.8888888955116272	0	0	0	1	0	0	0	0	0	qid_7483055349189870291
0.8888888955116272	0	0	0	0	0	0	1	0	0	qid_3997551064973005250
0.8888888955116272	0	0	0	1	1	0	0	0	0	qid_4381521775993813117
0.8888888955116272	0	0	0	1	0	0	1	0	0	10481
0.8888888955116272	0	0	0	1	0	0	0	0	0	qid_2865406624485900961
0.8888888955116272	0	0	0	0	0	0	1	0	0	27923
0.8888888955116272	1	0	1	0	0	0	0	0	0	20145
0.8888888955116272	1	0	1	0	0	0	0	0	0	20265
0.8888888955116272	1	0	1	0	0	0	0	0	0	15617
0.8888888955116272	0	0	0	0	0	0	1	0	0	26173
0.8888888955116272	0	0	0	1	0	0	1	0	0	10637
0.8888888955116272	0	0	0	1	1	0	0	0	0	qid_5830909274634303202
0.8888888955116272	0	0	0	1	0	0	0	0	0	qid_7587143213928303136
0.8888888955116272	0	0	0	1	0	0	1	0	0	qid_6871418313085343013
0.8888888955116272	0	0	0	1	0	0	0	0	0	qid_437165702656857016
0.8888888955116272	0	1	0	0	0	0	0	0	0	5466
0.8888888955116272	0	0	0	0	0	0	1	0	0	qid_5288198041194390085
0.8888888955116272	0	0	0	1	0	0	0	0	0	qid_55864322326078127
0.8888888955116272	0	0	0	1	0	0	0	0	0	qid_3683840208554817196
0.8888888955116272	0	0	0	1	0	0	0	0	0	qid_7316982201193212653
0.8888888955116272	0	0	0	0	0	0	1	0	0	28125
0.8888888955116272	0	0	0	1	0	0	0	0	0	qid_4009166809718411594
0.8888888955116272	0	0	0	0	0	0	1	0	0	qid_2172942734831824080
0.8888888955116272	0	0	0	1	0	0	0	0	0	qid_3795812252353975794
0.8888888955116272	0	1	0	0	0	0	0	0	0	5657
0.8888888955116272	0	0	0	1	0	0	1	0	0	10631
0.8888888955116272	0	1	0	0	0	0	0	0	0	qid_5302008876564142738
0.8888888955116272	0	0	0	1	0	0	0	0	0	qid_3996074860909744829
0.8888888955116272	0	0	0	0	0	0	1	0	0	25988
0.8888888955116272	0	0	0	1	0	0	0	0	0	qid_5475552407076217313
0.8888888955116272	0	0	0	1	0	0	0	0	0	qid_2246990616543162793
0.8888888955116272	0	0	0	0	0	0	1	0	0	27029
0.8888888955116272	0	0	0	1	0	0	0	0	0	qid_8578261258153867656
0.8888888955116272	0	1	0	0	0	0	0	0	0	5907
0.8888888955116272	0	0	0	0	0	0	1	0	0	27999
0.8888888955116272	0	0	0	1	0	0	0	0	0	qid_1149291940110447378
0.8888888955116272	0	0	0	0	0	0	1	0	0	25800
0.8888888955116272	1	0	0	1	0	0	0	0	0	qid_3084225081151041453
0.8888888955116272	0	0	0	1	0	0	0	0	0	qid_1298242000461651802
0.8888888955116272	1	0	1	0	0	0	0	0	0	20355
0.8888888955116272	0	0	0	1	0	0	0	0	0	qid_8688457192269813809
0.8888888955116272	0	0	0	1	0	0	0	0	0	qid_6074623575755736915
0.8888888955116272	1	0	1	0	0	0	0	0	0	20135
0.8888888955116272	0	0	0	0	0	0	1	0	0	qid_4829275770625452229
0.8888888955116272	0	0	0	1	0	0	0	0	0	qid_8189999079763346586
0.8888888955116272	0	0	0	1	0	0	0	0	0	qid_4973555151730202158
0.8888888955116272	0	0	0	1	0	0	0	0	0	qid_2548672061055502437
0.8888888955116272	1	0	1	0	0	0	0	0	0	20237
0.8888888955116272	1	0	1	0	0	0	0	0	0	20287
0.8888888955116272	0	0	0	1	0	0	0	0	0	qid_4361216691910660010
0.8888888955116272	0	0	0	1	0	0	0	0	0	qid_3990110695000534612
0.8888888955116272	0	0	0	1	0	0	0	0	0	qid_8476561313428860028
0.8888888955116272	0	0	0	1	0	0	0	0	0	qid_8828275412447275893
0.8888888955116272	0	0	0	1	0	0	0	0	0	qid_5833357569385357193
0.8888888955116272	0	0	0	1	0	0	0	0	0	qid_6537562481203125172
0.8888888955116272	0	0	0	1	0	0	0	0	0	qid_834891589863618877
0.8888888955116272	0	0	0	1	0	0	1	0	0	qid_7731224011283801823
0.8888888955116272	1	0	1	0	0	0	0	0	0	20137
0.8888888955116272	0	0	0	1	0	0	0	0	0	qid_7293443271287701485
0.8888888955116272	0	0	0	1	0	0	1	0	0	10591
0.8888888955116272	0	1	0	0	0	0	1	0	0	5139
0.7777777910232544	1	0	0	1	0	0	0	0	0	qid_8592360885222098427
0.7777777910232544	1	0	1	0	0	0	0	0	0	qid_2158832495306158860
0.7777777910232544	1	0	1	0	0	0	0	0	0	qid_989785676517808304
0.7777777910232544	1	0	1	0	0	0	0	0	0	qid_6890724446048450450
0.7777777910232544	1	0	0	0	0	0	0	0	0	qid_6049969107678480675
0.7777777910232544	0	0	0	0	0	0	1	0	0	qid_122728180464203760
0.7777777910232544	0	0	0	0	0	0	1	0	0	qid_4989242691588249052
0.7777777910232544	1	0	0	0	0	0	0	0	0	qid_3779141265729206604
0.7777777910232544	1	0	0	0	0	0	0	0	0	qid_5241637868067721539
0.7777777910232544	0	0	0	1	0	0	0	0	0	qid_8889826352305284518
0.7777777910232544	0	0	0	1	0	0	0	0	1	qid_5608750982163737249
0.7777777910232544	1	0	0	0	0	0	0	0	0	qid_2231182426277899068
0.7777777910232544	0	0	0	1	1	0	0	0	0	8542
0.7777777910232544	0	0	0	0	0	0	1	0	0	qid_3585226138226426368
0.7777777910232544	0	0	0	1	0	0	0	0	1	qid_3660266948970626800
0.7777777910232544	1	0	1	0	0	0	0	0	0	qid_1602195289029404979
0.6666666865348816	0	0	0	0	1	0	0	0	0	12277
0.6666666865348816	0	1	0	0	0	0	0	0	0	qid_675107192519334585
0.6666666865348816	0	0	0	0	1	0	0	0	0	7738
0.6666666865348816	0	0	0	0	1	0	0	0	0	7669
0.6666666865348816	1	0	0	1	0	0	0	0	0	qid_5833135221095012153
0.6666666865348816	0	0	0	0	1	0	0	0	0	12435
0.6666666865348816	0	0	0	0	1	0	0	0	0	8075
0.6666666865348816	0	0	0	0	0	0	0	0	1	qid_7460593075169665305
0.6666666865348816	0	0	0	0	1	0	0	0	0	12439
0.6666666865348816	0	0	0	0	1	0	0	0	0	6422
0.6666666865348816	0	0	0	0	1	0	0	0	0	7720
0.6666666865348816	0	0	0	0	1	0	0	0	0	12280
0.5555555820465088	0	0	1	0	0	0	0	0	0	qid_8408560066850263910
0.5555555820465088	0	0	0	0	0	0	1	0	1	qid_7281590190011286002
0.5555555820465088	0	0	0	0	0	0	0	0	1	qid_7853434609077017985
0.5555555820465088	0	0	0	1	0	0	0	0	1	qid_692614317413061034
0.5555555820465088	0	0	0	0	0	0	0	0	1	qid_3040176362062443319
0.5555555820465088	0	0	0	0	0	0	0	0	1	qid_2351227816173449794
0.5555555820465088	0	0	0	0	0	0	1	0	1	qid_826724304501502089
0.5555555820465088	0	0	0	0	0	0	0	0	1	qid_5348282756943404647
0.5555555820465088	0	0	0	0	0	0	0	0	1	qid_5723528976105058240
0.5555555820465088	0	0	0	0	0	0	0	0	1	qid_6787444150004701441
0.5555555820465088	0	0	0	0	0	0	0	0	1	qid_7054142444738347858
0.5555555820465088	0	0	0	0	0	0	0	0	1	qid_6732918253295349974
0.5555555820465088	0	0	0	0	0	0	0	0	1	qid_8426250960519947113
0.5555555820465088	0	0	0	0	0	0	0	0	1	qid_7256746935087730702
0.5555555820465088	0	0	0	0	0	0	1	0	0	qid_3144518896238516281
0.4444444477558136	0	0	0	0	0	1	0	0	0	qid_4187051559844839059
0.4444444477558136	0	0	0	0	0	0	0	0	1	qid_7381970925090790633
0.3333333432674408	0	0	0	0	0	0	0	1	0	qid_3119150188363409481
