Question	Potentially_Pejorative
当知道自己是性少数群体后，你做了哪些努力让自己变得更优秀？	Potentially
做数据分析的女孩子，职业发展前景在哪里？数据分析枯燥吗？	Potentially
如何看待女生不满「男生喜欢温柔贤惠一点的暖妹子」？	Potentially
是不是男生都觉得男男同性恋很恶心？	Potentially
作为一名性少数者，你有想哭的时候吗？	Potentially
为什么有的人（比如部分 PhD 等高学历者）会对家庭主妇有不屑的情绪？	Potentially
为什么被称“贤惠”会很气愤？	Potentially
怕因生孩子而耽误事业的女性，她们的事业有多好？	Potentially
婚姻给了你什么样的勇气去当家庭主妇？	Potentially
为什么有些女生会反感「贤惠」这个词？	Potentially
关于软件测试工程师所应该具备的能力，就业前景还有适合女生从事吗？	Potentially
同性恋会觉得双性恋恶心吗?	Potentially
同性恋真的完完全全是正常的吗？	Potentially
三孩政策会使女性在职场中遭遇更多歧视和压力吗？应该怎样的应对？	Potentially
想知道以男性视角，家里有位全职太太（家庭主妇）是种什么感受？	Potentially
女同性恋如何做到 30 岁以后的生活不可悲？	Potentially
同性恋真的让人觉得很恶心吗？	Potentially
如何看待高学历女性成为全职家庭主妇？	Potentially
大学女生成绩普遍比男生好吗，为什么？	Potentially
如何看待女同性恋中的T?	Potentially
人生目标是做家庭主妇很丢人吗	Potentially
有同性恋可以说说自己的故事吗？	Potentially
有什么辨别les的方法吗？	Potentially
要求20多岁的女生贤惠，现实吗？	Potentially
为什么男性的身体（贞操）不如女性的身体（贞操）珍贵？	Potentially
为什么黑人的外貌不符合大部分中国人的审美？	Potentially
你们觉得亚裔在美国是处在种族歧视中的最底层吗？	Potentially
有一个蒙古族男朋友是什么体验？	Potentially
为什么都说日本社会很压抑？变态多是真的吗？日本人好相处吗？日本人都很排外吗？	Potentially
白人女性是不是很美，为什么?	Potentially
在歧视亚裔或华人问题上，是欧洲严重还是美国严重，各有什么特点？	Potentially
中国人喜欢白皮肤是否是民族自信不足的表现（骂之前建议看看问题阐述）?	Potentially
美国只有「黑命贵」，没有「印第安命贵」吗？为什么？	Potentially
现今中国人的种族歧视严重吗？	Potentially
蒙古国女人好看吗？	Potentially
为什么国人普遍接受不了中国女孩和非洲男孩在一起?	Potentially
日本人是怎么看待中国人的？	Potentially
为什么中国有这么多人厌恶韩国人？	Potentially
为什么一些人觉得白人比黑人好看？这种审美观的形成与潜在种族歧视有关吗？	Potentially
如何看待外国人因中国人以白为美而认为中国种族歧视？	Potentially
和壮族人交流有哪些忌讳？	Potentially
如何看待美国黑人男子在上海商场疯狂辱骂中国人二十多分钟？	Potentially
日本人知道自己被称为「日本鬼子」「鬼子」「小日本」吗？	Potentially
我国最文明最先进的民族是白族？	Potentially
南京人怎么看待日本以及日本人？	Potentially
亚裔在美国地位这么低，为什么警察致死的案件比黑裔少得多？	Potentially
维族同胞的体味是遗传的还是后天饮食习惯造成的？	Potentially
你身边的日本朋友都是怎样的人？	Potentially
如何看待美国教授因说中文「内个」，被称冒犯黑人而遭到停课处分？	Potentially
请问维吾尔族男孩子的性格一般是怎样的呢？	Potentially
为什么在中国不会出现明显的种族歧视，而会出现较严重的地域偏见？	Potentially
如何看待杨安泽带妻儿外出购物被美国人歧视，发文称「作为亚裔感到羞耻」？	Potentially
蒙古族人和汉族人会拥有爱情吗？	Potentially
回族姑娘怎么样？	Potentially
为什么现实里面日本人说话很委婉，甚至觉得中国人普通交流都像骂人？	Potentially
为什么肤白会成为美女标准？	Potentially
上海的地域歧视有多严重？	Potentially
东北人脾气真的有那么暴躁吗？	Potentially
外省人怎么看待浙江人?	Potentially
浙江会在不久未来下落到第二梯队吗？	Potentially
网上各种黑东北，怎样和东北人相处？	Potentially
为什么最近一年河南人的口碑突然变好了？	Potentially
潮汕人给你的感觉是什么样子的？	Potentially
为什么我周围的绝大多数东北人的家境都比我好，有些甚至好特别多?	Potentially
作为一个沪漂，哪一瞬间被上海人震惊到了？	Potentially
浙江对中西部省份的歧视为什么那么严重？	Potentially
浙江的地域歧视严重吗？	Potentially
我成为程序员后感觉情商变低，怎么办？	Potentially
为什么「工人」和「农民」成了不体面的代名词？	Potentially
我有个问题为什么国家定义程序员新生代农民工，而不是高端或科技人才，这说明程序员门槛低吗？	Potentially
“农民工”，“新生代农民工”的称呼是否具有歧视性？	Potentially
本科护理毕业的护士真的是最不好的职业吗？	Potentially
大理白族人很暴躁吗？	Potentially
请问有回族人念书只能念完小学的规定吗？	Potentially
最近知乎/微博上有很多人在不断的控诉东北的社会现象和东北人，对此你怎么看？	Potentially
我不知道为什么总有很多人骂河南人，到底河南人惹了你们什么地方了？河南人跟你们有仇吗？	Potentially
日本老师几乎每节课都要大骂中国，作为中国留学生该怎么办？	Potentially
作为一名蒙古族，不会说蒙语是什么感受？	Potentially
为什么外蒙对中国人不友好？	Potentially
江西人马上去浙江读书，学校里90%都是浙江人 浙江人会有地域歧视吗看不起江西人吗 有点害怕?	Potentially
我想知道你们对上海人的评价是怎样的？	Potentially
怎么看待东北人？	Potentially
河南人为什么被称作中国的吉普赛人？	Potentially
大家有亲身经历过地域歧视吗?	Potentially
东北人在南方好混吗？	Potentially
建议国际足联把中国男子足球队纳入残疾人比赛.像现在在云南举行的比? 	Potentially
日本人是全世界最受欢迎的？？？？根据英国广播公司（BBC）和加拿 	Potentially
妈妈对这个家没什么感情我觉得妈妈对我和爸爸和她兄弟姐妹完全不一样 	None
这算强奸吗？若女孩子和一个男孩子接触后，她同意到他家里，然后他摸 	Potentially
为什么台湾的连续剧台词都怪怪的，表情也好像挤出来似的，不如香港的? 	Potentially
为什么男人出轨了都死不承认？ 	Potentially
男人的痛，女人不懂女人永远也不知道男人为什么要学会坚强?因为他们 	Potentially
我喜欢闻女人的味道，尤其是内裤缓和乳罩，这正常吗 	Potentially
当前威胁世界和平和稳定的主要因素是1国际恐怖主义活动2民族矛盾与 	None
女人看男人的比赛，不是看比赛是看人女人看男人的比赛、表演，不是看 	Potentially
为什么在我们班上女生成绩总是比男生好？每次不论是任何考试都是女生 	Potentially
为什么男人有钱就变坏，女人变坏就有钱？ 	Potentially
男人在大街上看着一个靓女走过，心里会想哪些事？（有龌龊的念头吗？? 	Potentially
赌英格兰不败！！！不服的进来留名我就不信英格兰会对克罗地亚三连败 	None
小日本的联赛就是神经一个比日本A片还烂，难猜得很。以后再不碰。 	Potentially
和小姐做爱真的很刺激，很爽吗？请男士回答～～为什么很多男人有老婆 	Potentially
面对婚姻危机，为什么女人总是被动？回答者总是劝女人要加倍地关心男 	Potentially
一个男从整天无所事事被女人养着结果结果还打女人，这种男人是有病吗 	Potentially
夫妻男人有老婆还要跟别的女人，而女人有老公也要去偷汉呢？是味道问 	None
愤慨...男人跟女人都进来看下说一个三人故事。一个女孩跟一个男孩 	None
女人越宠越完蛋!不要去宠自己身边的女人..不要宠..越宠她就越来 	Potentially
生个男孩就那么了不起吗？我是山东的，我们这儿重男轻女的思想较严重 	Potentially
男人们你们会心疼吗？如果你的女朋友是处女，第一次做爱的时候她痛， 	None
为什么女的在分手的时候总是会说“不想失去你这个朋友”？这是昨晚和 	Potentially
请男士回答·一个有过性经验史，但是不多并且为前男友流过一个BB被 	Potentially
中国人，你为什么不愤怒？就是这个月，美国脱口秀主持人在节目中采访 	Potentially
男人都色吗？ 	Potentially
是不是每个男人都好色包括男孩？是不是所有的男人都好色，也包括还处 	Potentially
老男人都很龌龊吗?他们都很色吗?他们到底有没真正的爱情呀?还是只 	Potentially
如果中国的青年人都是血性汉子，日本还敢侵略中国吗？多少年来，我们 	Potentially
我说意甲不要脸国米不要脸　你们还不信巴勒莫ＶＳ切塞纳　的例子比过 	Potentially
哪儿的女人最美我是东北人，想娶一位漂亮的女人为妻，想问问大家，哪 	Potentially
当真是温饱思淫欲？大家都看到新闻了，那个挨千刀的“史上最坏流浪汉 	Potentially
我33岁，还是处男，说出来很丢人的，因为以前读书晚，本科毕业都2? 	Potentially
对于男性来说问个不礼貌的问题：是戴绿帽子严重还是结婚时非处女伤害? 	None
男人女人男人幸苦还是女人辛苦 	Potentially
长得怎样的女人克夫？ 	Potentially
为什么男人和女人看异性身体的感受不同？男人是喜欢女人的下面，对女 	Potentially
阴毛性功能！有人说阴毛黄就是肾虚，阴毛黑性功能就VERYGOOD 	Potentially
为什么男人一定要让女人照顾？女人就一定有这义务吗?结婚的男人为什 	Potentially
找女朋友的标准，男人不看后悔一辈子！！！注意！！但凡看完此帖不回 	None
男士们,你们会打自己的女朋友或者老婆吗?什么情况下会这样呢?不可 	Potentially
一个女人有了新男友，一个男人也有了新女友。这个男人和这个女人曾经? 	None
关于台湾老板很多在台湾老板工作的人都觉得他们真的比较抠门.妄想用 	Potentially
性感的女人是不是能更吃得开？性感的女人是不是找工作也更好找？不讲 	Potentially
世上男人.女人.都靠不住.只能靠自已1.男人?叟说纳硖?女人? 	Potentially
大家说说地球上男人和女人不相等的后果严重吗?在今后十年,在已经达 	Potentially
知道柏杨的人与读过《丑陋的中国人》的人请进啊！读过《丑陋的中国人 	Potentially
为什么中国老板剥削自己的同胞比外国老板剥削中国人来得够狠同外企的 	Potentially
成人的世界，不能简单的说谁是坏人，当不触及自身利害的时候，每个人? 	Potentially
内地人学说粤语容易还是广东人学说普通话容易？为何那么多香港演艺届 	Potentially
请问女人你们做爱时会亲男人的乳房吗 	None
真的是男人的话都是信不过的,男人呀,说的每一句话都存在怀疑.男朋? 	Potentially
关于女人再次出轨如今女人出轨已经很普遍了，大约有将近一半的女人背 	Potentially
聋哑人多数都很漂亮￥⑩?下午，四??女孩一??男孩由南向北走来。 	None
男人为何比女人色?这是为什么? 	Potentially
男人会介意吗？如果自己的妻子不是处女~ 	Potentially
女人的体香是不是处女才有体香?一年前我对一个女生身上的香味特别有 	Potentially
我打算对女孩隐瞒自己的收入我要是谈恋爱，我将会对女人隐瞒自己的钱 	Potentially
起诉天堂2种族歧视本人实在无聊，特向最高人民法院起诉天堂2违背人 	None
用假的JJ玩女人会快乐吗?有经历的女性请说一下,提倡署名回答,呵 	None
男人,女人男人和女人(打三各民族) 	None
农村来的大学生你是娶农村女孩还是城市女孩？我是从农村出来的本科生 	Potentially
世界上的民族哪些人种聪明?排出名次.像日尔曼人,大和民族,美利坚 	Potentially
男人是不是都很小气？ 	Potentially
这个世界上，到底是穷人养活了富人，还是富人养活了穷人？ 	Potentially
太强悍的女生通常都会惨遭抛弃吗？…… 	Potentially
台湾为什么要独立?台湾跟大陆统一了成为了一个国家不是更有利于台湾 	Potentially
为什么黑人不歧视白人 	Potentially
请男人们回答，你会娶一个离异的女人吗？她才24岁，结婚5个月就离 	Potentially
男人是如何识别是否处女的，我想问问？为什么男人一和女人发生关系，? 	Potentially
我是一个在大城市上大学的外地人，在宿舍老是受当地学生的欺负。请问? 	Potentially
请女人回答！当和女人口交时你们的感受是什么啊？我和女友在一起住的 	Potentially
女人对男人的最大容忍程度是多少呢？如果你们中女方是大男子五岁的即 	None
美国从事农业的人口的确很少，农场主是本国人，干活的多是外籍劳工，? 	Potentially
男人要找有心计的作老婆还是比较简单善良的？男人找老婆，一种是比较 	Potentially
为什么大学女生都这么贱我接触的女生99%都是这样 	Potentially
为什么中国人比较喜欢大声喧哗很多时候，喧哗的总是华人。很多时候， 	Potentially
内裤不是红色的男人素质品味修养都很低？红色代表热情，当代年轻人最 	Potentially
请28岁以上女性回答28到48岁的女性，喜欢强壮有肌肉型的男人吗 	Potentially
自杀者都是懦夫吗？ 	Potentially
女人人过中年后，就注定要永失性的快乐吗？以前我丈夫是很爱做那事的 	None
怎样避免遇到娼妓？现在社上会有很多的妓女，而我最怕遇到那些妓女。 	None
如果你在公交车上有陌生老太或老头很邪恶很凶的眼神看着你好像很看不? 	Potentially
事业多男人到底有多重要？女人看男人的第一标准是事业还是外表？我是 	Potentially
10大最欠抽的人(魔力中)1，骗子。放弃自尊，任人唾骂，论不要脸 	None
结婚后发现不是处女一定离婚吗?我是处男,呵呵.别说别的,什么骂人 	Potentially
女朋友的小外甥品性太差,他向谁都吐口水拿东西砸人,还骂人.这是不? 	Potentially
女人们,男人摸你们的阴道时,你们喜欢手指插吗? 	None
为什么漂亮姑娘都跟有钱的丑男人现在社会怎么那现实啊`~漂亮的女人 	Potentially
为何女人讨厌个子矮的男人 	Potentially
有点抠的男生你能接受吗我不喜欢太抠的男生但是他偏偏是这种类型的我 	None
请男生进来,你们是不是都很绝情我很想知道,你们是不是都一样的绝情 	Potentially
女人真正的归属在哪里最近因为家务事感觉女人难做，要带孩子，要上班 	Potentially
男友在女友面前说别的女子很漂亮。　　如果男友在女友面前毫不顾忌的 	Potentially
他欺骗我感情，我很不甘心！恨透那些脚踩两船的臭男人了!他在追我的 	Potentially
印度不牛，有个巴基斯坦就能让他永远起不来。还老是把咱当竞争对手， 	Potentially
你妈的黑客我黑你妈卖批你们为了钱连你妈姓什么都不知道了狗日的黑客 	Potentially
关于台F的三重失,在台F是不是老牛X啊我看他们打到一个老高兴了在 	None
三个男人，人生选择，？我这人，很老实心善，心肠软，比较单纯，缺少 	None
男人是不是都有洛丽塔情结？是不是都喜欢纯真的少女？成熟男人和少女 	Potentially
对男人来说，女人美丽是一种负担。你认为是吗？我问我的网友，你的女 	Potentially
纵观我们周围的女人有几个不是胸大度小的？有几个能做到彼此尊重欣赏? 	Potentially
什么是贱人？怎么对付？贱人，就是你对他们越好，他们越看不起的人么 	Potentially
不是处女可以从哪些方面看出？我想请问些有经验的人士，不是处女在日 	Potentially
男人不坏，女人不爱，男人怎么坏，女人才会爱？ 	Potentially
男人为什么满足不了她？女人结婚两年了她的性欲越来越强烈，水也是非 	Potentially
城市大学生嫁给县城大十岁的男人，这个男人对我是应付，一直在意前妻? 	None
女人最在乎的真的是钱吗?我和我女朋友是在外地读书认识的,学校恋爱 	Potentially
女孩长的丑就让人讨厌么？为什么不管是男孩还是女孩都喜欢和长的漂亮 	Potentially
日本人与韩国人如何看待中国人？？？几乎99.9%的中国人对日本人 	Potentially
男人真是会这样吗？我的一个结了婚的女朋友跟我说，让我一定要和男朋 	Potentially
为什么这个女大学生要日本男人[原文引述]:我是一个上海女大学生， 	Potentially
我以前交过一个男朋友是这样的``以前他是个很花心的人我也是`但是? 	None
这样的男人,你们见过吗?一个离过婚的男人,68年的,不是特别有钱 	Potentially
女士请回答女人做爱，喜欢JJ粗的还是喜欢长的？看图片老外的都很长 	Potentially
体育课那么容易破坏女性的处女膜吗? 	Potentially
世界为什么这么无情啊!现在这个世界变得那么无情.有钱有势的人多的 	Potentially
白痴	None
请问城市里的女性，你们觉得女人洗屁股是否是羞耻的或者有伤风败俗？ 	Potentially
男人都好色吗？男人是不是都认为别的女人比自己的老婆漂亮？ 	Potentially
请男士朋友回答以下谢谢如果一个女人说一个男人为什么总是不能认真地 	Potentially
为什么男人都那么坏？？　　	Potentially
男人打女人会改么？我第一次挨打是跟他处了2年的时候我承认那次是我 	Potentially
不是处男了，还能得到女人的真爱吗？不是处男了，还能得到女人，尤其 	Potentially
你讨厌那些超女？全部讨厌！都是错误的存在！ 	Potentially
阴毛和腋毛多的女人是不是性欲很强？ 	Potentially
我国中奖为什么蒙面太吓人了外国中奖都是大大方方滴公开没有不见滴人 	Potentially
这样的女孩，像是处女么？她是个在校生，样子一般，2本学校的高才生 	Potentially
她提出分手后我怎么办或许女人是善变的，本来她答应嫁给我了。但是一 	Potentially
吵架、闹别扭和男朋友认识一年了，经常会因为一点小事顶嘴，闹别扭， 	Potentially
什么样的人？“弱弱的问一声”，一般这样说话的人会是怎样的呢？请从 	Potentially
女人为什么甘愿被坏男人骗呢？女人不喜欢好男人，喜欢流里流气的痞子 	Potentially
农村出来的女孩子请进我一个女性朋友，也是我同事是农村出来的有一次 	Potentially
中国的民主自由和人权怎样呢？比起香港台湾差多远啊啊 	Potentially
一个重要的问题女士们：请问什么样的女人性欲比较强烈，什么样的女人 	Potentially
如果世界上只剩了女人人的性染色体分XX(女)和XY(男)两种,卵 	Potentially
家庭暴力者是不是心里有疾病，情绪一上来，就控制不住，就打老婆，砸? 	Potentially
假如穷人和有钱人犯同样的罪量刑会一样吗？有钱人可以请个好律师保护 	Potentially
为什么现在的女人这么现实了？没房没车就不跟你好，！ 	Potentially
一般漂亮女人是不是脾气不好?美女是不是都有些小姐脾气? 	Potentially
丑死了，战士就是唱大戏的；法师就是裹布老头、老太；道士就是蚕蛹！? 	Potentially
你想做幸福女人还是不幸福女人？女人分为两种，一种是幸福的女人，一 	Potentially
妓女是不是好容易传播疾病？现在社会做妓女的好多，而且也有很多年轻 	Potentially
這?拥呐笥眩矣悬c??祂是三年前追我，由于??r?W?任?蛰 	None
男人是春是夏是秋是冬？男人如秋，从青涩走向成熟慎读秋天，如读男人 	Potentially
同样是中国人为什么外地人要比本地人多交电费的！怎么会有这么不公平? 	Potentially
非处女还会全心全意爱上一个男人吗我今年28，我女朋友比我大一岁， 	None
我来告诉你如何做坏人？抢小孩子的棒棒糖？那是低端坏人做的事情～！ 	None
现在的男人还在乎另一半是不是处女吗？请各位男士如实回答。 	Potentially
请真正的男人回答是真正的男人就说老实话，当男人喜欢另一个女人的时 	Potentially
玩弄一个女人的肉体，和玩弄她的感情，哪个伤她更深？常常看到一些女 	Potentially
老婆被别人骚扰怎么办？和老婆认识7年了，从来没觉得老婆这么陌生过 	None
还是处女有可能吗？？？？我女友（处女）二年前和她的前任男友（处男 	None
如何去要求男人交家用一定能达到女人的目的但又不伤害感情从恋爱至结 	Potentially
禁止大声喧哗	None
拒绝回答弱智问题的进这里有些人老是提些弱智问题，你说讨厌不讨厌我 	None
请问，男人是不是都喜欢婚外情呢？看看身边的人，特别是男人身边总是 	Potentially
农村女孩要不得？看到我哥我嫂的生活我就为我哥惋惜，我表哥一线城市 	Potentially
女人善良吗？古人说，唯女子与小人难养也。我的一个同事（女）也告诫 	Potentially
河南人不可怕为什么在外地，鄙视河南人河南人，打工不要河南的。干什 	Potentially
女性喜欢男人的阴毛浓密又长吗或者男人是不是也喜欢女性的Ｂ毛浓密黑 	Potentially
论部落战士种族撇开技术和装备~我只想知道从种族天赋上来看兽人和亡 	None
男人会和一个自己不喜欢的人kiss吗？男人和女人不一样，男人先性 	Potentially
男友条件太好，让我感到有危机感。我是高中毕业的，现在在工作了。男 	Potentially
我乘公交车被女人摸屁股啊~昨天和一个朋友去吃东西~乘公交车的时候 	Potentially
男人介意找一个不是处女的女朋友吗如果一个男人发现自己的女友不是处 	Potentially
仗着英语看不起人,甚至欺压人的人不忠不孝:卖弄什么英语?是不是中? 	Potentially
我的婆媳关系象候中鱼刺我老公是广东人，我是江苏人，我婆婆不喜欢我 	Potentially
我的初恋就献给了一个不是处女的女人，首先我的第一次也给了他。我真? 	Potentially
好男人宁可单身也不要坏女人，不能被坏女人糟蹋。好男人如果接受坏女 	Potentially
日本人为什么这么坏？日本人是野蛮的民族,人类的败类呀!全球人类的 	Potentially
男人的性话题……你有过几个女人？她们的BB有什么不同吗？如松紧程 	Potentially
为什么生孩子是女人的专利，男人什么时候可以生孩子？？？ 	Potentially
请姐妹们回答男人就是贱咱看谁拿的住谁？你是真不想找我吗？我就不信 	Potentially
你怎么看待处女感觉周围的女孩一个个地失处，感觉22岁之后的女孩9 	Potentially
男人!你们更爱钱,还是更爱人?现在有很多漂亮女孩为了钱嫁给有钱的 	Potentially
他会体外射精是不是处男？ 	Potentially
这是所谓的男人本性吗?世界上有三样东西不能相信：男生的承诺、男生 	Potentially
女人在安全的情况下会有和陌生的男人做爱刺激一下的想法吗？我２０岁 	Potentially
男女结婚，女方城市户口，男方农村户口，户口落在哪男方要变城市户口 	Potentially
男生的恋爱烦恼经常听女生说，好男人要温柔体贴，只爱她一个，有责任 	None
早上路过复旦，看见一长相普通，气质平平，身上无高价值物件的男生骑? 	Potentially
不该花钱给捡来的女孩读大学我有一个捡来的妹妹，在我眼里始终不是亲 	Potentially
怎么对付吃软怕硬人物？某些人就是爱欺负软弱人（新进员工和对她说话 	Potentially
太帅的自卑说起来大家肯定觉得我诱斗了吧，，更不相信，，那大家就当 	Potentially
为什么不吧所有犯罪分子统统枪毙中国人这么多他们出来也不会好更加仇? 	Potentially
被已婚男人看中是谁的错？被一个看中不出奇，被很多已婚男人看中是谁 	Potentially
女性虚拟公寓里面的女人都很开放吗？我听很多朋友说女性虚拟公寓里面 	Potentially
男人喝醉后的话是不是都是假的唉呀,真是气死我了,气死人了,我爸昨 	Potentially
女性和多个男性性交容易得什么病？我有一个妹妹喜欢和不同的男性做爱 	Potentially
女人没有男人活不了？男人可以没有女人，但是女人绝对不能没有男人？ 	Potentially
男人最不能容忍女人的什么？女人最不能容忍男人的欺骗，那么男人最不 	Potentially
???女的提出分手﹐男的要是?喜?g?Ψ降脑????勇?系﹐? 	None
女人怎么那么自私啊好多女人很自私呢，怎么这么自私啊。 	Potentially
感到很难过女孩子都对那些游手好闲，油嘴滑舌的人感兴趣，而那些踏踏 	Potentially
女人是茶叶？前几天，看到一段美国前总统里根夫人南希的话：“女人就 	Potentially
男人会介意自己的女朋友或老婆比自己学历高吗我是一个高学历的女生， 	Potentially
大家觉得国米丢脸么？意甲霸王在欧冠技不如人，就跟小流氓一样，踢不 	Potentially
中国会向日本鬼子道歉吗？反之，日本会向中国道歉吗？日本鬼子应跪下 	Potentially
重男轻女的父母我是九零后，是家里的长女。为什么我的父母；老是叫我 	Potentially
尼日利亚放弃了吗？踢肯尼亚都踢不过？ 	Potentially
占领希腊的罗马人为什么没有变成希腊人满族大多变成了汉族，占领希腊 	Potentially
男生学英语为什么不如女生学的好在我们班,男生背英语不如女生一半儿 	Potentially
你的女朋友值多少钱？？某个综艺目现场，女主持人气势咄咄地问一个男 	Potentially
你会如何对待如此犯贱的前女友我和男朋友感情很好，每次吵架基本上都 	None
没志气的男人什么样？女幽喜欢没志气的男人吗？ 	Potentially
女人没有男人重感情是很明显的去婚介所的主要是女人，原因是女人把婚 	Potentially
如果现在的日本和越南一样贫穷，有的中国大陆人还会哪样仇恨他们吗？ 	Potentially
是不是所有的男人都认为和她成不了恋人连朋友都没得做了，更不要说见? 	Potentially
中国对马来西亚：胜平只在一线之间中国队只要打出血性，像个男人一样 	None
请问男士口交和正常性交哪个感觉更好一点请问男士,你们是感觉口交舒 	Potentially
上海人排外问题好多上海本地人不也都给外地人打工吗？上次去上海，可 	Potentially
为什么粤方言遭到两广以外的人的敌视？我发现一个现象：两广以外的人 	Potentially
阴茎拔起了,但是暂时没女人在旁边,可不可以拿一个假皮具女人作代替? 	Potentially
你会和一个大女人做爱吗？如果有一个男孩由于一些工作问题逃避了自己 	Potentially
女上男下真的能?蜓娱L性交?r間??各位﹐我?暮芏喾矫嬉?到過關 	None
当今凡是有过男朋友的女孩子大部分都不是处女了么？ 	Potentially
男人都说兄弟比女人重要，为什么不都去搞基。。。兄弟比女人重要 	Potentially
请问有没有男光女糙的说法？我是一个女孩子，各方面在别人看来还算不 	Potentially
为什么女人不能当众放屁为什么男人可以当众放屁，女人就不可以，只能 	Potentially
面对歹徒劫色的N种假设....1、以暴制暴飞起一脚，踢其要害。有 	None
现在到底是男人贱还是女人贱？TMD每天听女人骂我们男人花心多情， 	Potentially
老是生活在女人堆里怎么办?从小学到大学都是女老师教.所学专业偏偏 	Potentially
女孩子请近你们会不会喜欢上一个残疾人而且是个盲人　会不会想跟他过 	Potentially
为什么都说男人好色？而不说女人好色？ 	Potentially
"怎么看待关于明星""台独”言论的谣言？据我所知。那会不是老说SHE "	Potentially
女人都是小气的吗？我女朋友常常我说错一句话就会生气或吃醋，所以我 	Potentially
中国人只会享受科技带来的成果.....所有的发明都是洋人发明,你 	Potentially
黄种人与黑种人为什么黑种人的身体素质比黄种人好那么多呢，NBA里 	Potentially
当豪杰真幸福看看啊，YOYO真照顾豪杰，不让豪杰花钱买包，多照顾 	None
为什么女人都是莫名其妙的？我觉得女人多数都不会控制情绪。 	Potentially
男人喜欢女人穿着丝袜和高跟鞋作爱吗？ 	Potentially
为什么男人学驾驶比女孩快？在驾校学车的时候发现男人学车普遍比女人 	Potentially
男人做时有什么心理和生理感受，会让很多人冒着犯罪的危险？女人又有 	Potentially
小三者难道都是女人的错吗？难道女人一定要变坏才有钱吗？作为小女人 	Potentially
阴毛多的女人好还是无毛阴毛的好我有过两个女朋友，一个是阴毛特别浓 	Potentially
韩国出了兰博基泥杂我门不出啊人家要出宝马X6和奔驰E澳迪R8跑车 	None
男人都怕看到女孩子哭吗？男人在看到自己喜欢和不喜欢的女孩子哭，分 	Potentially
请成熟男人回答！请所有成熟男人谈谈，你们对待爱情的态度和对待女友 	Potentially
学文科的男生会变质吗？我想从事文科，可是每次看到文科班男生那么少 	Potentially
“疯”言“疯”语系列之三十六男人的“例假”！成年人都知道，女人成 	None
女人们回答，如果强奸你的人强迫你给他口交，你会咬下他的阴茎吗？ 	None
一般一个女人和几个男人做过爱？上次在杂志上看到平均一个女人和19 	Potentially
社会问个现实的问题，为什么女人为了钱可以做任何事？ 	Potentially
为嫁有钱人抛弃穷男友前男友家很穷,压力很大,当初大学里只因为我太 	Potentially
请问各位长者？女人的阴道形状是不是长的都不一样，和那种形状的女人 	Potentially
处女情节在男人心里到底有多重？总以为现在社会人们可能可以接受女人 	Potentially
为什么男人总是显得很懒惰呢, 	Potentially
内什么，那些年关于五仁月饼的传说。。。。“是谁干的！为什么要糟蹋 	None
城市人和农村人的致命区别我知道写这篇贴子，会被很多人骂，不过无所 	Potentially
你是怎样看待男性趋于女性化？男不男女不女的，反而让女孩喜欢，本人 	Potentially
女人的下面都有味吗?男人面对这种味道是怎么想的?是不是每一个女人 	Potentially
沉思:为何当今社会还有被拐妇女?在火车站,或街上找工时...她们 	None
脾气不好的女人怎么对付我和我女朋友恋爱半年了，可是她是个很强势的 	None
上海的台湾人怎么这么多呢?大家生活中都有很多台湾人对吧,可以说说? 	Potentially
（恋爱笑话）经典男人这辈子挺难的：找个漂亮女人吧，太操心，找个不 	Potentially
为什么女人不是和男人一样想和每个女人做爱？男人，女人，性爱 	Potentially
男人是如何看待自己的第一次的？总是常听说很多女人在乎自己的第一次 	Potentially
男人不坏,女人不爱? 	Potentially
怎样能让男人更消魂？我是女人，想学些做爱技巧，在床上，女人怎样做 	Potentially
我做了别人的情人，该怎么办我27岁，三年前一个40岁的男人以前单 	None
同样是中国人的比赛，解说员的倾向性为什么会那么明显呢？转一段网友 	Potentially
为什么男女不平等？女生可以穿吊带装，无袖衫，男生却连篮球服也不能 	Potentially
男人真的都好色吗我们女人见了美女也是看一下，可是看到男友看美女的 	Potentially
男朋友喜欢和我说他以前女朋友的事情我和他在一起纯属偶然，说的不好 	None
如果女人做了对不起男人的事，男人打女人对吗？男人很爱女人，可女人 	Potentially
男人喜欢姐姐还是妹妹？依靠还是被依靠？男人的本质是想保护别人还是 	Potentially
如果男朋友没有承担家务的意识，怎么办？我男朋友是一个大男子主义者 	Potentially
结婚后的女人结婚了，可我感觉她变了很多。没有结婚的时候她是个又懂 	Potentially
当无法沟通时。。我和男朋友是生活在完全不同的环境中，他是生意人。 	None
在何种情况下，一个男人会放弃一个完全可以到手的性交机会？当然，这 	None
去相亲遇到一个很丑的男人真的很丑,第一次会遇到这么丑的男人!他是 	Potentially
是不是男人对于容易追到的女孩都认为轻浮？对于男人来说，如果开始认 	Potentially
请问中国哪些地方的女子最开放，性能力最强？ 	Potentially
现在北京的女孩是不是都很势力啊？？？？？交个朋友可真难？？？？ 	Potentially
大家说说对处女的看法？以下是我在转载的网上的文章。男人找个处女当 	Potentially
谁知道?哄鄙霸谀模坑惺裁垂怀的芄ィ? 	None
为什么大部分女人都是小心眼儿？爱瞎猜疑 	Potentially
为什么女人在和男人有过第一次后身上的味道就会改变在也没有处女时的 	Potentially
已婚男人为什么这样对待我？？？我才22岁，正是女人一生中最好的年 	None
男生请进呀我男友第一次摸我的乳房没做爱请问你们摸女友时什么感觉J 	Potentially
女人真的三十如狼，四十似虎吗？俗话说女人“三十如狼，四十似虎“是 	Potentially
男人是不是很介意自己的女朋友或者老婆不是处女了？我和前度男友拍拖 	Potentially
为什么女性遭到性侵犯会觉得自己很脏？ 	Potentially
懦弱的性格现在女孩子是不是都喜欢能说善辩，性格开朗外向男人啊？别 	Potentially
男人是否应该与女人争吵？一般男人与女人发生分歧时，男人总会表露出 	Potentially
高一生物人类中男人的秃头(S)对非秃头(s)是显性,女人在S基因 	None
夫妻间的感恩男人只要挣钱养家，女人就一定要感恩戴德吗？昨晚因为女 	Potentially
你能解?Q一??不?勰愕娜耍?她?有模F在女的是不是都很現?? 	Potentially
(图)警惕韩国人危险的民族主义情绪!很想笑啊！不得不鄙视高丽棒子 	Potentially
女人的性生活太丰富下面会变松吗？ 	Potentially
处女和非处女，走路有区别吗？有什么不一样？怎样辩别？ 	Potentially
关于处女问题当今的社会是开放时代，在社会上，处女会多吗？还是少？ 	Potentially
男生是不是都很喜欢给自己的女朋友花钱呢？我认识很多男生，他们都认 	Potentially
外地女人嫁给上海男人会幸福吗上海男人一般会因为什么事情打老婆，除 	Potentially
中国女人这么好骗吗我姑姑中年丧偶，打算网上碰运气，找个合适的对象 	Potentially
我真瞧不起这种人玩不过就说别人加速,这种人我真瞧不起,我也碰倒过 	None
现在社会治安最乱的城市是那我觉得应该是广东和陕西,经常发案,特别 	Potentially
是不是女人也和男人一样想和更多异性作爱，只是因为怕老公知道而不感? 	Potentially
请问各位姐妹，女友喜欢粗暴和受虐正常吗？和女友ml时总是希望我粗 	None
为什么山东人到了东北就会讲普通话所遇到过的东北人，除了没问过或者 	Potentially
与黑人男友未婚先孕，家里极力反对，如何是好？男友是个刚到中国留学 	Potentially
阴险可怕的女人我是一个性格很直率的人，对人也很真诚．总是很容易相 	Potentially
未婚男人和以婚男人的区别作为男人,我给天下的女人提供方便:结婚过 	Potentially
什么样的女人最不好！！！一个女人有多少个男朋友算是不好的？？？ 	Potentially
女人生完孩子就没用了吗???老公这样对我说，说男人都是这样想的,? 	Potentially
男人们你们喜欢和胖点的女人ML还是和瘦点的女孩ML?胖到什么程度 	Potentially
男人来回答你们都在意自己的女朋友是不是处女吧?在意到什么程度呢? 	Potentially
白人歧视黄人么 	Potentially
请问和胖女人（生过孩子的）性交阴道感觉是不是比瘦女人的紧，是不是? 	Potentially
女人被口淫，感觉什么样，很好吗？ 	Potentially
请男士回答?你在乎妻子不是处女吗? 	Potentially
为什么中国的男明星不会找外国人做妻子？难道真的外国女人的阴道太大 	Potentially
女人不该靠男人女人真的不该靠男人吗?女人离开男人行吗? 	Potentially
为什么现在女人的地位要比男人高许多贪官都是听了老婆或小秘的话才走 	Potentially
不是处女可以吗？如果不是处女，还有资格与别人结婚吗？ 	Potentially
大家?碚f說潮汕人到底排外不排外不好意思在這裡??這????題一 	None
我有男朋友，我能和其他男性一起吗？我是一个很开朗的女孩，我很喜欢 	None
关于女人的B最近遇到几个女的干着干着下面就喷水的，虽然很滑顺，可 	Potentially
长期有性生活的女人和长期没性生活的女人身体特征有哪些不同呢？ 	Potentially
犹太人是低劣的人种吗?希特勒说犹太人是低劣的人种,他借此屠杀了大 	Potentially
男人是不能惯的，你不是他的妈，除非你想当个老妈子。 	Potentially
现代社会男再也不怕踏错行可以换行嘛，而女还是怕嫁错郎这句话？有位 	Potentially
走夜路吹口哨；两个瞎子划拳；大王庙里的看门神——	None
河南人在广东从前的河南人来到广东打工最受欢迎的是公司的保安职务， 	Potentially
在男人眼中，什么样的女人叫贱？ 	Potentially
这算歧视吗？前面坐着一男一女，女的在用护手霜。男人说：我也要用。 	Potentially
开挂有意思吗阿Q男们本来我是没发过这种贴的，只是今天太气愤了，遇 	None
男人要的是女人，而非爱情！女人要？？？ 	Potentially
男人与女人世上男人为啥总是要为女人去拼命工作啊 	Potentially
个人认为女生在爱情方面非常被动，感觉非常不好。。。女生如果主动追 	Potentially
关于撞人问题撞人，是一门艺术。有人说，撞人是没有道德的，自己一被 	None
都灵冬奥会，为什么裁判总是压着中国人？为什么总是用双重标准？对外 	Potentially
问天下男人很想问一下天下所有男人,如果你因为你老婆而飞黄腾达,你 	None
女朋友总在我面前提起她以前的男朋友，有的时候还会哭。她说以前真的? 	None
爷爷说日本人没有当汉奸的中国人和朝鲜人坏，他们在我老家和当地人相? 	Potentially
女人多爱男人一些，有错吗？俩个人成家了，相对来说，爱得少的那一个 	Potentially
男人会介意吗?男人会否介意自己的女朋友.曾为前男友口交过同时前男 	Potentially
我的女朋友为什么喜欢被人强奸?强奸对女人来说....我一直认为强 	Potentially
为什么人分扶色为什么人分白，黄，黑 	Potentially
结婚十一年了，生活很乏味。老公是一个性格粗暴，很自我的人，天长日? 	None
一个漂亮的穷女孩和一个有钱的不温柔的女孩应该向谁求婚?我是外地来 	Potentially
是说汉语的人聪明？还是蓝眼睛的人聪明？为什么世界上的人普遍都认为 	Potentially
朝鲜该不改被制裁说朝鲜打过韩国，那日本还打过中国呢？问题是现在人 	Potentially
现在很多的大龄青年都结不了婚。很多男人固守着，非要找个处女不可，? 	Potentially
帮女人拿包的男人真恶心一个包尼玛多重啊，无非就几坨屎的重量，难道 	Potentially
怎样找个老外嫁到欧美去？感觉中国的男人太保守了，还是想找个老外把 	Potentially
男人逼离婚逼得很紧怎么办男人在外买了房子装修好了,逼人离婚.两个 	Potentially
中国足球永远是只有想不到没有做不到，我真的非常佩服中国的这些个爷? 	Potentially
聋哑人和正常人结婚我是聋哑人。爸妈拒绝我找聋哑女人结婚，问题是爸 	Potentially
男人都喜欢口交吗，为什么有女的喜欢为男朋友口交的吗？而不是因为他 	Potentially
男人最不能容忍的是什么？男人最不能容忍自己的女人做过什么？包括所 	Potentially
凭什么男人为了追女人就得卑躬屈膝的最近追一个女的真是难追，我是诚 	Potentially
上海的女孩是不是都很现实,很虚荣?如果想找一个上海的女孩当女友的? 	Potentially
我觉得男人和女人之间没有真正的友情,不是情人就是仇人,分手了还是? 	Potentially
人活者为了什么？人活者真累，每天给同类欺压，同样是人，为什么我们 	Potentially
怎样让女人给男人口交 	Potentially
现在的女孩子为什么不喜欢老实人？ 	Potentially
处女重不重要？我不明白为什么现在社会风气为什么这么坏，有一句话说 	Potentially
怎样的男人属于大男人主义？拥有大男人主义的女人幸福吗？？日常中应 	Potentially
为什么帅哥总是找丑女做女朋友？ 	Potentially
关于和台湾人交往的问题我在澳大利亚上学，这里有很多台湾留学生，有 	Potentially
三亚的女人漂亮吗？皮肤黑不黑？1。三亚本地人是不是皮肤很黑呢？2 	Potentially
请问，为什么女人一般会比男人长命？我们村的老头一般都比老太要早见 	Potentially
为什么男人能跟没有感情的女人发生关系是不是只要是有点姿色的女人男 	Potentially
为什么地球上会有日本这样无耻的国家？日本太可恶了，你如果是国家主 	Potentially
男人都喜欢偷看女人洗澡吗?读中学时,因一次偶然我偷看到了女生洗澡 	Potentially
为什么一些中国人歧视黑人?我发现很多中国人歧视黑人.个人认为种族 	Potentially
找本耽美BL小说小S是个少数民族的王子那民族男的可以自己生宝宝但 	None
受得了坏男人的只能是坏女人?很享受性自由的女人,会成为性开放的女 	Potentially
为什么中学生爱打架？现在上大学，发现男生在初中和高中这个阶段最爱 	Potentially
"唠叨的女人和?碌哪腥?你最烦哪一个?这里和性别有关吗?这里""唠 "	Potentially
为什么男人都好色 	Potentially
爱国人士请进——关于南海诸岛和钓鱼岛南海诸岛有好些个被外国侵占， 	Potentially
处女和非处女走路会不同吗？ 	Potentially
为什么强奸案的受害人基本都是女性？男女平等呀！ 	Potentially
要美女还是要处女？如果有这样两个女孩，不同时具备这样两个条件，大 	Potentially
为什么男人都好色男人有钱,都有一种想法有小秘或是小老婆?为什么? 	Potentially
男的可信度高还是女的了？现代社会男女的关系好像很乱，你们说说到底 	Potentially
男人要的视频高清无码，嗯，重口味不要，男男的会死人的！10分/个 	None
怎么对付这样的人？？？？我是从事体育场保安工作的，我们这里的人文 	Potentially
为什么男人不懂珍惜已经得到的女人都说只要得到了她的人，男人就不会 	Potentially
为什么女人都喜欢有钱的男人或是比较帅的了,她们是咋想的了,这个世? 	Potentially
小女人有什么好的，只会让男人英雄变狗熊， 	Potentially
突然有个丰满的外国妹妹要和你上床，你们都咋办啊？朋友出国回来，带 	None
为什么现在总是男人忽略女人呢？现在社会上不是男多女少吗？为什么还 	Potentially
如何对付欠揍的女人？ 	Potentially
为什么总是婆婆家要求儿媳干活多,而女方家就要求姑爷少?这很不公平? 	Potentially
生男好还是生女好？男人都喜欢男孩 	Potentially
我的未婚夫好小气！他会有出息吗？我的未婚夫今年30岁，比我大5岁 	Potentially
男人们看过来啊你们想找哪类女友容貌美丽身材凹凸有致皮肤细腻白皙眼 	Potentially
男人深沉的秘密男人深沉在女人看来是什么？一般都是好帅哦～！好友性 	Potentially
为什么说女的骂人会失面子，而男的骂人很正常？难道这就是男女的区别 	Potentially
新?笨堤烊凰嗡刂瘟菩哪匝芗膊。瘟颇怨Ｈ⒛匝ā?新?笨堤 	None
假球一家子假球祖宗:败人(如果以后走大街上谁说你是强队我肯定把他 	None
大家评评理：男人怎可无耻到如此地步？第一次他说分手是在今年5月份 	Potentially
女人都是弱者吗?唉我看到很多年轻的女孩在做小姐,有很多做小姐的女 	Potentially
不流血？为什么有的人在第一次ml的时候不流血呢？（除了那些运动过 	Potentially
世界如此黑暗骗子如此疯狂我就不知道那些骗子是不是全家女姓都被弓虽 	Potentially
韩国男人为什么这么小气？从我接触的韩国男人中基本上都是外形上很男 	Potentially
如果你是男人，会因为一点小事打怀孕六个月的妻子吗？妻子怀孕六个月 	Potentially
大连人有素质吗？有人说大连人素质高．呵呵本人不敢苟同．那说的是外 	Potentially
女人们回答，如果你被强奸了，你会割那个男人的阴茎和睾丸吗？如果割 	Potentially
男友偷笑什么意思男人比女人打10多岁，离婚恋爱。经常带女人去见父 	None
为什么城市人会看不起农民？ 	Potentially
女人是不是都很装女人是不是都很假，一面装着不舍，一面逼着放弃，等 	Potentially
到底是那边好呢？每次谈恋爱的时候朋友总说我们占男孩子便宜了因为吖 	Potentially
上次在湘隆?r代?V?隹吹揭患曳窆ⅲ恢滥羌曳窆⒃趺囱? 	None
一个人如果没有文化（文盲）是不是很悲哀？文化层次低的人都会与社会 	Potentially
现在的女大学生怎么都这么败金,堕落啊我班上几个女大学生竟然很认可 	Potentially
我讨厌男人！！！第一个男友比我大五岁，那时我才十八。我的第一次就 	Potentially
命苦啊~~~我遇到的男人一个比一个小气...??为什么,我处了五 	Potentially
靠买辆破车也在这里显摆怎么了这里，买辆破车也要在这里显摆？怕没人 	Potentially
我女朋友的乳头颜色很深,我女朋友不是处女,难道说以前做爱多了才深? 	Potentially
男生不比女生体贴？现在拍了个男生，是电力局工作的，有经济基础，身 	Potentially
问成熟男士你们怎么看这样的女孩？你们怎么看这样的女孩是不是感觉这 	Potentially
是不是大部分汕尾人都排斥外省人 	Potentially
是不是男人总是以倾诉婚姻的不幸来赢得女人的怜惜他向我诉说婚姻的不 	Potentially
老婆生气了，怎么哄她啊我是那种和平型性格，老婆是比较强势一些的。 	None
嫂子小姑子老公的妹妹从初中毕业,就来北京和他哥在一起,吃住用统统 	Potentially
咨询恋爱问题谈恋爱男生大多喜欢会撒娇、小鸟依人型的呢女孩呢，还是 	Potentially
有人说摆地摊都比打工好针对贫穷未婚男士，是打工稳定性收入(工资较 	Potentially
找漂亮的女人做老婆是不是不安全?找漂亮的女人做老婆是不是不安全, 	Potentially
炒股的与不炒股的不炒股的是穷人,炒股的是富人变成超穷人. 	Potentially
一个意大利男人和一个日本男人意大利人优点：温柔，浪漫，热清，充满 	Potentially
美国太偏心眼！上个月在芝加哥，一个华侨在网上说日本是低劣的民族， 	Potentially
请女性朋友来回答处女的阴唇和非处女有什么区别？ 	Potentially
在人挤人的公交车上，后面的男人“直了”，捅在你身上！公交车上的人 	Potentially
我是传统的男孩，至少思想上完全是，但女友告诉我他的第一次给别人了 	Potentially
为什么你不能尊重我？最近这段?r間我?λ质耍路荩恢 	None
以后他会变心吗着男人脾气是内向的。爱女朋友，女孩子和他在一起把第 	Potentially
?楹位@球一定是黑人比較??害?NBA很多都是黑人... 	Potentially
大学处女率真的那么低吗？有人评论将来大学会成为最大的妓院，难道这 	Potentially
有人说男人很容易有反应是不是真的呢?有人说20岁左右的男孩子，只 	Potentially
外地人在北京难道真要被歧视?今天乘公交车,人非常多,和一四十岁左 	Potentially
女人看见了男人的JJ会有什么生理反应吗？希望女人来亲自回答！ 	Potentially
为什么女强人男人不喜欢 	Potentially
我跟老公从来不吵架．会有问题吗？人家都说吵架能沟通两个人的感情． 	Potentially
为什么菜鸟们都喜欢用BM？BM如果不会骚扰了就是一个垃圾，屁作用 	Potentially
不是处女，如果面对未来LG的第一次我男朋友还是处男，可是我以前交 	Potentially
心里的不安我的男朋友是廉江人。我是汕头人。因为我们都在深圳上班， 	Potentially
想占女人便宜的男人是不是有很多?我要么就收到有一些男性发来的信息 	Potentially
万年校尉还这么拽？做人嘛，不要做的太过分了！你们这些可怜的新手， 	None
男人可信吗？在这个越来越虚伪的世界，男人的话还能信吗？还存在真的 	Potentially
你们男的是不是认为上床很自然,很正常? 	Potentially
这么说你能理解吗户口把人分成了农村人与城市人，城市人享有许多便利 	Potentially
我是40大男人，总喜欢欣赏男裸体特别是大JJ，看到这些我会想性交? 	None
男人和女人之间会有单纯的友情吗？有人说男人和女人之间不可能有单纯 	Potentially
男人聪明还是女人聪明？一看就知道，男人的脑袋比较大。为什么会比女? 	Potentially
处女膜的问题！男人结婚的时候希望自己的老婆是处女吗？要说实话！女 	Potentially
伊朗人是不是都是疯子啊最近伊朗的总统越来越嚣张,听说伊朗人搞了一 	Potentially
一个滥交的女仔，她会扮得很淑女吗？怎么样看得出来呢？ 	Potentially
众所周知，男人的魅力体现在强健的体魄、深厚的内涵、搏击的性格和鼓? 	Potentially
女人下面没毛，叫甚摸女人下面没毛，为甚摸，是不是传说中的白虎，和 	Potentially
作男人很累呀？！我是一个男生从外表上算是眉清目秀在几岁的时候住在 	Potentially
我有杂念我：城市人，家里环境好，性格活泼他：农村人，家里环境差， 	Potentially
冬阳送幽默——现代男人现代男人真奇怪，五十六十谈恋爱。喝的是蓝带 	None
我的女友不是处女而且性经验比我成熟，我感到很反感怎么办？我想提出? 	Potentially
新疆人无法无天，没办法管吗？今天在路上走看到几个新疆人跟在一个女 	Potentially
诗词有钱人爱花天酒地，没钱人被逼做奴隶。欠钱人说谎又逃跑，爱钱人 	Potentially
陌生人打人！郁闷！俗话说：打人是侵略者，被打是受害者。晚上在行人 	Potentially
请接触过“小姐”的男士注意科学证明，接触过“小姐”的男士，再和自 	Potentially
为什么说女生学理科没出息？ 	Potentially
[（安全教育）]如何应付性骚扰？什么样的女人不会被性骚扰一个女人 	Potentially
为什么好男人身边都是不专一的女人? 	Potentially
女人为什么需要男人?为什么女人和男人在一起,总觉得自己是吃亏的? 	Potentially
自己很懦弱很窝囊觉得自己是一个很懦弱很面很窝囊的人而且心里特别敏 	Potentially
男女对出轨的不同反应要是女的出轨，男的一般会回家打女人；要是男的 	Potentially
为什么一切都要女人承受大家谈谈为什么女人要生孩子，要避孕，要做家 	Potentially
谁来拯救未来祖国？？~~~~拯救未来祖国需要拯救祖国的未来花朵， 	Potentially
南方女人和北方女人下面有什么不同,高潮是不是也不一样? 	Potentially
男人变坏因为自私，因为想证明自己是男人；女人变坏因为男人变坏，因? 	Potentially
被迫分手后，巨蟹女很厉害的对我说不要送礼物并且说已经又找了男朋友? 	Potentially
男人是否能接受女人比自己强悍？也就是说比自己有钱，有事业，聪明，? 	Potentially
问问？？为什么世界上的女的，总是那么爱善变，一段时间里就变成了另 	Potentially
听说女生做软件编程方面有点困难也（因为女生的逻辑思维不如男生强）? 	Potentially
女人比男人工资高时，你是什么想法如果女朋友的工资比男友高，男人们 	None
男人是否要对女人冷淡点?我觉得男人对女人太好,女人就不是很重视我 	Potentially
河南人是不是妖怪？ 	Potentially
富人包养情妇是不是有利于社会富人得到美女，美女得到财富，双赢，还 	Potentially
ML时，男人喜欢女人怎样？整天想着这种事。我的志愿就是让我的男人 	None
女人在家忙家务管孩了照顾老人，男人就那么理直气壮地非工作时间在外? 	Potentially
女人不要做坚强的仙人掌要做娇弱的玫瑰？女人问男人：“为什么最终你 	Potentially
为什么男人都是吃着碗里的看着锅里的？现在的男人都这样了吗？ 	Potentially
为什么男人喜欢变性人和整容美女?男人说不喜欢变性人,但都很喜欢何 	Potentially
如何抱负一个强暴你的已婚男她是一个温柔善解人意洁身自爱的80后未 	None
为什么恐怖分子大多数是穆斯林 	Potentially
请问女青年们一个问题请问那些不是处女的女人们一个问题,假如你现在 	Potentially
男人为何肌肉多，女人为啥肥肉多？我看到叔叔哥哥们的肉和女人的不一 	Potentially
流氓司机，交警怎么对付?尤其是公交车司机最流氓了。有些交警也太不 	Potentially
男生...女生...看过来我是男生...但没有兄弟....和女生 	Potentially
烦恼来北京是个错误,认识了他也是一个错误,我是个保守女孩,我觉的 	Potentially
被强奸的女性在被强奸后得了爱滋病！那么强奸犯应该改判决他死刑吗！? 	Potentially
请问男士们,你们高潮时会大叫吗?如果是口交,高潮时,你们希望女的? 	Potentially
和老婆打架。迷茫以后的生活首先交代下背景，老婆和我都是大学后打工 	Potentially
女性与处男和非处男ml,真的能感觉到有什么不同的明显区别?感觉女 	Potentially
为了一句话挨了一耳光现在的女人可真不得了啊。今天看来我是有走霉运 	None
我认识一个女朋友，做爱时她喜欢在我上面。喜欢动，是不是坏女孩做爱 	Potentially
有很多男人都说不介意自己的女友或妻子不是处女,请问是否真心话,还? 	Potentially
做中国人太累了吧这年头，你要是不占几个小岛，不扣几艘渔船，不抓几 	None
是不是男人都喜欢女人性感漂亮！我现在有点胖，男有就整天的说我胖， 	Potentially
遇上变态的邻居怎么办？我家楼下有两变态，一个是二楼的，是精神不好 	None
这女人、丈夫、男人该怎么办？一个有家且很富有的女人,但夫妻关系并 	None
色男人就那么坏？ 	Potentially
还有女人嫁俺么？老女和离婚女回答，我三十二了，农村出身贫穷，世事 	None
我一直觉得有的女孩做下贱的事是迫不得已？我一直觉得有的女孩做下贱 	Potentially
这样的男人该怎么沟通我是个比较好强的人，我觉得有“有能力要努力， 	None
男人和女人之間不存在真正的友情?幔?那，?性同?W之間呢？ 	Potentially
男人对女人是不是得不到的就是最好的？ 	Potentially
找情人做爱，和脸蛋漂亮，但身材一般的女孩好，还是和脸蛋一般，但身? 	Potentially
外国男人比中国男人强吗？时下，中国女人嫁外国男人的事情越来越多， 	Potentially
钓鱼岛是中国的，日本人都是疯子钓鱼岛是中国的，为什么日本人想疯了 	Potentially
关于男人和女人的问题男人和女人在社会中所扮演的角色,所承受的压力 	Potentially
男士们，非常在乎自己的妻子是处女？26岁那年，我献出了自己的第一 	Potentially
男人活着好累为什么现在的女人都要有房，有车，才会结婚呢。 	Potentially
男人不偷吃的是不是很少？说实话！在感情刚刚开始的时候，男人好像“ 	Potentially
为何外地人都不看好天津和天津人?为何一些影视剧描写坏人,坏人都是 	Potentially
现实中有不漂亮的灰姑娘吗？一个男的长的帅，也算是富裕阶层，你们说 	Potentially
我能相信处女座的男孩子吗？我现在的男朋友是处女座的。他是85年9 	Potentially
请问背の高い男の人が、“田中さんですか。代表?猡卫瞍扦埂！堡取⒀ 	None
SHE是否“台独”？SHE曾公开说“我们不是中国人，我们是台湾人 	Potentially
请问满族朋友,你们对祖先屠杀中原,实行落后统治,使中国落后挨打怎? 	Potentially
请问有外遇的女性，你们有外遇的原因是什么?请问有外遇的女性，你们 	Potentially
真是有的男人喜欢看自己的老婆被别的男人操的事吗?生活中真有这样的? 	Potentially
没有稳定工作的男人能找到优秀的女孩吗？ 	Potentially
“现在的骗子很多，尤其是女孩子，你要注意啊”我朋友说是，这是不是? 	Potentially
恋爱男人会接受一个拍过拖有过亲密关系的女人吗?? 	Potentially
为什么男男会相爱？古往今来都是男女相爱，为什么现在越来越多男男在 	Potentially
男人?你们怎么了?看到网上有太多太多案例.我想请问有多少男人知道 	Potentially
如果有两种女人，你们会选择哪种？一种是能力强能挣钱但对男人不会关 	Potentially
	None
在感情和生活中到底是男人还是女人最容易受伤？世界上最容易受伤的是 	Potentially
为什么针对女孩会有性别歧视？ 	Potentially
为什么女人强奸男人不怕告？ 	Potentially
女人越老越不值钱？ 	Potentially
我很喜欢穿女生的内衣好痛苦哦女生请进不知道为什么我很喜欢穿女生的 	Potentially
你愿意做农村女人还是城里女人?你认为农村女人和城里女人哪个更幸福 	Potentially
怎么一看上海台转播曼联就赢不了真丧上海台真丧频道丧主持人丧地方更 	None
你会找一个比自己收入低的男朋友吗?各位单身的女性朋友,你会找一个 	Potentially
请问男人在选择自己老婆的时候不考虑她的外貌,工作,家庭条件,只考? 	Potentially
男人是不是都喜欢在女孩面前吹牛？人家都说男人喜欢吹牛，我发现男人 	Potentially
女人有了外遇真的无法回头吗女人好像永远是一种容易心软的‘动物’。 	Potentially
男人都是很坏的吧!其实越表面君子的男人,内心却都是伪君子的面孔! 	Potentially
各位玩家不要骂新浪,不是新浪的错,是那些素质低的垃圾黑客搞成这样? 	Potentially
问一个严肃的问题，不想真实回答的就不要进来了。处女和非处女的问题 	Potentially
强奸罪认定只能男对女吗？男男呢？女女呢？女男呢？ 	Potentially
想听听男士的回答自古以来男人都喜欢丰满的女人，那小乳房（所谓的平 	Potentially
期待您的指点在孩子与丈夫之间，女人通常会选择谁．尤其是农村女人． 	Potentially
中日事件中国干嘛不扔个原子弹给日本氢弹跟好然日本人在世界上消失 	Potentially
男人最{会]看不起哪种女人{女孩]？ 	Potentially
为什么伊斯兰教男人多女人少？而佛教女人多男人少？为什么伊斯兰教重 	Potentially
男人好色是因为太爱美吗？为什么女人爱美叫天性，男人爱美叫好色？ 	Potentially
和一个没有生育能力的女人做爱与和一个生育能力很强的女人做爱,男人 	Potentially
朋友说老实男人注定没出息，是这样吗？昨天，我和一个大学同学聊天， 	Potentially
男人是不是恋爱后在那种事情上也喜欢装单纯啊？记得第一次和我现在的 	Potentially
爱吹牛的男人可靠吗？一个朋友，总在吹牛，跟他出去玩，一路上都在跟 	Potentially
我有处女情结我该怎么办？现在我知道目前这个社会的女孩有处女的很少 	Potentially
夏天的女人比男人更怕热吗?夏天的大街上见到的女人总比男人穿的少, 	Potentially
是不是所有的女人都喜欢叫床？？ 	Potentially
不讲卫生的婆婆婆婆的邋遢让我怎么说呢,农村男人能干的活她都能干, 	Potentially
为什么和女子性交比什么都爽?什么手淫,用淫具,都比不上?也就是阴? 	None
女孩子不会做饭会不会没人娶啊以往传统都认为女子不会做饭是一件很丢 	Potentially
离过婚的女人得不到爱本人今年27岁，离过婚，小孩子今年三岁抚养权 	Potentially
对于女人，究竟是钱还是真情重要？男人值得信任吗？究竟什么样的生活? 	Potentially
为什么现在很多老年人很没素质很过分？表现得很神经质骂骂咧咧不守规 	Potentially
这就是伟大的父母吗我父母就是那种重男轻女的典范，从小把我生下来， 	Potentially
请女性朋友回答:和高个男人做爱会比普通男人做爱更爽?我不是怀疑自 	Potentially
南京人为什么又凶又拽？偶怎么就没见过一温柔的那？明明跟普通话差不 	Potentially
怎样和素质不高的老男人打交道？一个47岁的离婚男人，喜欢悠着别人 	Potentially
女人都喜欢男人为她们口交吗?和我做的女人都喜欢我给她们口交,她们 	Potentially
男人都喜欢好身材，脸蛋漂亮的女人，那么和漂亮女人做爱与姿色一般的? 	Potentially
怎么没有人骂自己的男人，痛恨自己的男人呢？就知道骂小三？我感觉你? 	Potentially
我有个朋友看到靓妹经常会说：要是那女的嫁给我我叫我脱离父子关系都? 	Potentially
一个人的人品怎么可以这么差首先说他是男的，我是女的。一个人，还是 	None
为什么我们河北女孩都不漂亮，人家湘妹子还有川妹子都长的好可爱，是? 	Potentially
女人去游泳时看到男人那里大大的，会有什么感觉？ 	Potentially
女人不是处女都是被男人搞的经常看见有人在讨论处女问题，由此看来很 	Potentially
四十岁以上的男人请回答我四十岁前认为男人基本上都是为了自己的家付 	Potentially
如果一个男人没有和处女做爱是不是就吃了大亏了?一个男人如果没有能 	Potentially
为什么城里人就不能分到地呢?原来,农民因为有地所以有饭吃,城里人 	Potentially
哪个身材更好？男人的身材往往是有肚子的屁股松平，屁股紧翘的没肚子 	Potentially
怎么让他甘心放弃不再恨我五年前，我谈了一个朋友，那时的我很单纯， 	None
男人打女人到底好不好男的是太在乎女的才会动手还是因为不爱她了 	Potentially
没钱人?有钱人!为什么有钱人和没钱人相处不了? 	Potentially
小姑子读书少，所以她敢生孩子？我嫁给他时，他妹妹的孩子已经上小学 	Potentially
做爱时男人是不是都喜欢女人发出声音呢？每次我都控制不住自己，想要? 	Potentially
为什么女人比男人更坚强？ 	Potentially
足球让整个民族失去尊严！在这样的时候，这样的比分输给小日本，看得 	Potentially
白痴问题！二区爱丝特纳服里LM人多还是BL人多？？？ 	Potentially
我这个窝囊人内向老实窝囊自卑胆小怕事社会逃汰品人类的反面教才这些 	Potentially
老公重女轻男怎么办?老公特别喜欢女孩儿走大街上看见人家怀里抱个可 	Potentially
非处女会对下一个男友付出真爱吗？女友很爱前男友，为他付出了所有， 	Potentially
当个女的不是挺好，有活男人都给干，还有人献殷勤？ 	Potentially
西方内部为什么总流行“排斥主义”普鲁士统一德国时排斥了奥地利，欧 	Potentially
女的在生气的时候是不是总把分手挂在嘴边?我的前任女友和我在一起时 	Potentially
我已经厌倦了被人操纵的感觉。这种压迫是真实存在的！他们是撒谎者，? 	Potentially
q	None
